time,temperature(C),humidity,note
2024/03/05 04:21:02,"9,94","75,3",""
2024/03/05 04:31:02,"16,94","69,9",""
2024/03/05 04:41:02,"18,69","63,2",""
2024/03/05 04:51:02,"19,38","58,9",""
2024/03/05 05:01:02,"19,94","59,8",""
2024/03/05 05:11:02,"20,69","61,4",""
2024/03/05 05:21:02,"21,38","62,2",""
2024/03/05 05:31:02,"21,94","60,8",""
2024/03/05 05:41:02,"21,94","56,1",""
2024/03/05 05:51:02,"21,75","53,5",""
2024/03/05 06:01:02,"21,38","51,5",""
2024/03/05 06:11:02,"20,94","50,3",""
2024/03/05 06:21:02,"20,50","49,7",""
2024/03/05 06:31:02,"20,06","49,6",""
2024/03/05 06:41:02,"19,75","49,8",""
2024/03/05 06:51:02,"19,38","49,5",""
2024/03/05 07:01:02,"19,13","49,6",""
2024/03/05 07:11:02,"18,88","49,9",""
2024/03/05 07:21:02,"18,69","50,0",""
2024/03/05 07:31:02,"18,50","50,8",""
2024/03/05 07:41:02,"18,56","52,9",""
2024/03/05 07:51:02,"18,75","53,4",""
2024/03/05 08:01:02,"18,75","53,0",""
2024/03/05 08:11:02,"18,81","53,0",""
2024/03/05 08:21:02,"18,81","53,2",""
2024/03/05 08:31:02,"18,88","53,4",""
2024/03/05 08:41:02,"19,00","53,8",""
2024/03/05 08:51:02,"19,13","54,0",""
2024/03/05 09:01:02,"19,25","54,3",""
2024/03/05 09:11:02,"19,38","54,5",""
2024/03/05 09:21:02,"19,50","54,6",""
2024/03/05 09:31:02,"19,69","54,9",""
2024/03/05 09:41:02,"19,81","54,9",""
2024/03/05 09:51:02,"19,88","54,9",""
2024/03/05 10:01:02,"20,00","55,0",""
2024/03/05 10:11:02,"20,06","55,0",""
2024/03/05 10:21:02,"20,19","55,0",""
2024/03/05 10:31:02,"20,25","55,0",""
2024/03/05 10:41:02,"20,19","55,5",""
2024/03/05 10:51:02,"19,50","53,1",""
2024/03/05 11:01:02,"19,44","54,8",""
2024/03/05 11:11:02,"19,75","56,3",""
2024/03/05 11:21:02,"20,13","56,7",""
2024/03/05 11:31:02,"20,19","57,3",""
2024/03/05 11:41:02,"20,31","56,6",""
2024/03/05 11:51:02,"20,31","56,3",""
2024/03/05 12:01:02,"20,44","57,2",""
2024/03/05 12:11:02,"20,44","58,2",""
2024/03/05 12:21:02,"20,44","58,8",""
2024/03/05 12:31:02,"20,44","59,0",""
2024/03/05 12:41:02,"21,25","61,9",""
2024/03/05 12:51:02,"21,94","56,4",""
2024/03/05 13:01:02,"21,63","57,0",""
2024/03/05 13:11:02,"21,56","57,0",""
2024/03/05 13:21:02,"21,25","58,0",""
2024/03/05 13:31:02,"20,94","58,8",""
2024/03/05 13:41:02,"20,75","59,6",""
2024/03/05 13:51:02,"20,69","60,4",""
2024/03/05 14:01:02,"20,63","60,1",""
2024/03/05 14:11:02,"20,56","59,8",""
2024/03/05 14:21:02,"20,56","59,4",""
2024/03/05 14:31:02,"20,56","59,2",""
2024/03/05 14:41:02,"20,50","59,1",""
2024/03/05 14:51:02,"20,44","58,9",""
2024/03/05 15:01:02,"20,44","58,6",""
2024/03/05 15:11:02,"20,38","58,6",""
2024/03/05 15:21:02,"20,38","58,4",""
2024/03/05 15:31:02,"20,38","58,4",""
2024/03/05 15:41:02,"20,31","58,4",""
2024/03/05 15:51:02,"20,31","58,3",""
2024/03/05 16:01:02,"20,31","58,3",""
2024/03/05 16:11:02,"20,38","58,3",""
2024/03/05 16:21:02,"20,38","58,1",""
2024/03/05 16:31:02,"20,38","58,0",""
2024/03/05 16:41:02,"20,38","58,0",""
2024/03/05 16:51:02,"20,31","58,0",""
2024/03/05 17:01:02,"20,31","58,0",""
2024/03/05 17:11:02,"20,31","57,9",""
2024/03/05 17:21:02,"20,31","57,9",""
2024/03/05 17:31:02,"20,38","58,4",""
2024/03/05 17:41:02,"20,50","61,1",""
2024/03/05 17:51:02,"20,56","63,9",""
2024/03/05 18:01:02,"20,56","64,8",""
2024/03/05 18:11:02,"20,56","64,9",""
2024/03/05 18:21:02,"20,50","65,6",""
2024/03/05 18:31:02,"20,44","66,2",""
2024/03/05 18:41:02,"20,44","66,1",""
2024/03/05 18:51:02,"20,50","66,4",""
2024/03/05 19:01:02,"20,56","66,1",""
2024/03/05 19:11:02,"20,63","65,9",""
2024/03/05 19:21:02,"20,13","54,6",""
2024/03/05 19:31:02,"19,81","56,9",""
2024/03/05 19:41:02,"19,94","59,6",""
2024/03/05 19:51:02,"20,00","60,5",""
2024/03/05 20:01:02,"20,31","61,1",""
2024/03/05 20:11:02,"20,19","61,9",""
2024/03/05 20:21:02,"20,13","62,5",""
2024/03/05 20:31:02,"19,63","53,2",""
2024/03/05 20:41:02,"19,06","51,9",""
2024/03/05 20:51:02,"18,63","51,6",""
2024/03/05 21:01:02,"18,31","51,5",""
2024/03/05 21:11:02,"18,00","51,6",""
2024/03/05 21:21:02,"17,81","51,8",""
2024/03/05 21:31:02,"17,63","51,7",""
2024/03/05 21:41:02,"17,38","52,3",""
2024/03/05 21:51:02,"17,19","51,8",""
2024/03/05 22:01:02,"17,13","51,5",""
2024/03/05 22:11:02,"17,00","51,1",""
2024/03/05 22:21:02,"16,88","51,1",""
2024/03/05 22:31:02,"16,69","51,1",""
2024/03/05 22:41:02,"16,63","51,2",""
2024/03/05 22:51:02,"16,50","51,3",""
2024/03/05 23:01:02,"16,38","51,3",""
2024/03/05 23:11:02,"16,31","51,3",""
2024/03/05 23:21:02,"16,19","51,2",""
2024/03/05 23:31:02,"16,06","51,4",""
2024/03/05 23:41:02,"16,00","51,6",""
2024/03/05 23:51:02,"15,88","51,8",""
2024/03/06 00:01:02,"15,81","51,9",""
2024/03/06 00:11:02,"15,69","52,1",""
2024/03/06 00:21:02,"15,56","52,1",""
2024/03/06 00:31:02,"15,50","52,1",""
2024/03/06 00:41:02,"15,50","52,1",""
2024/03/06 00:51:02,"15,38","52,1",""
2024/03/06 01:01:02,"15,31","52,1",""
2024/03/06 01:11:02,"15,19","52,0",""
2024/03/06 01:21:02,"15,13","52,1",""
2024/03/06 01:31:02,"15,06","52,3",""
2024/03/06 01:41:02,"14,88","52,4",""
2024/03/06 01:51:02,"14,81","52,5",""
2024/03/06 02:01:02,"14,69","52,6",""
2024/03/06 02:11:02,"14,56","52,8",""
2024/03/06 02:21:02,"14,50","52,9",""
2024/03/06 02:31:02,"14,38","52,8",""
2024/03/06 02:41:02,"14,31","52,8",""
2024/03/06 02:51:02,"14,19","52,8",""
2024/03/06 03:01:02,"14,13","52,8",""
2024/03/06 03:11:02,"14,00","52,8",""
2024/03/06 03:21:02,"13,94","53,1",""
2024/03/06 03:31:02,"13,94","53,1",""
2024/03/06 03:41:02,"13,81","53,0",""
2024/03/06 03:51:02,"13,75","53,1",""
2024/03/06 04:01:02,"13,69","53,1",""
2024/03/06 04:11:02,"13,63","52,9",""
2024/03/06 04:21:02,"13,50","52,9",""
2024/03/06 04:31:02,"13,44","53,1",""
2024/03/06 04:41:02,"13,38","53,4",""
2024/03/06 04:51:02,"13,31","53,4",""
2024/03/06 05:01:02,"13,31","53,6",""
2024/03/06 05:11:02,"13,19","53,6",""
2024/03/06 05:21:02,"13,19","53,8",""
2024/03/06 05:31:02,"13,13","53,9",""
2024/03/06 05:41:02,"13,06","53,9",""
2024/03/06 05:51:02,"13,06","53,9",""
2024/03/06 06:01:02,"12,94","54,0",""
2024/03/06 06:11:02,"12,94","54,2",""
2024/03/06 06:21:02,"12,88","54,3",""
2024/03/06 06:31:02,"12,88","54,3",""
2024/03/06 06:41:02,"12,81","54,5",""
2024/03/06 06:51:02,"12,75","54,4",""
2024/03/06 07:01:02,"12,75","54,6",""
2024/03/06 07:11:02,"12,69","54,6",""
2024/03/06 07:21:02,"12,69","54,8",""
2024/03/06 07:31:02,"12,81","55,6",""
2024/03/06 07:41:02,"13,44","56,6",""
2024/03/06 07:51:02,"13,81","57,3",""
2024/03/06 08:01:02,"14,44","57,7",""
2024/03/06 08:11:02,"15,56","61,6",""
2024/03/06 08:21:02,"16,69","60,6",""
2024/03/06 08:31:02,"17,56","60,7",""
2024/03/06 08:41:02,"18,19","60,5",""
2024/03/06 08:51:02,"18,69","60,9",""
2024/03/06 09:01:02,"19,06","59,4",""
2024/03/06 09:11:02,"19,31","60,4",""
2024/03/06 09:21:02,"19,38","60,9",""
2024/03/06 09:31:02,"19,31","60,9",""
2024/03/06 09:41:02,"19,31","61,9",""
2024/03/06 09:51:02,"19,25","63,3",""
2024/03/06 10:01:02,"19,13","63,9",""
2024/03/06 10:11:02,"19,19","64,1",""
2024/03/06 10:21:02,"19,31","63,9",""
2024/03/06 10:31:02,"19,44","63,4",""
2024/03/06 10:41:02,"19,44","63,1",""
2024/03/06 10:51:02,"19,44","63,1",""
2024/03/06 11:01:02,"19,38","63,5",""
2024/03/06 11:11:02,"19,38","63,9",""
2024/03/06 11:21:02,"19,38","63,9",""
2024/03/06 11:31:02,"19,38","63,9",""
2024/03/06 11:41:02,"19,44","63,8",""
2024/03/06 11:51:02,"19,44","63,8",""
2024/03/06 12:01:02,"19,50","63,6",""
2024/03/06 12:11:02,"19,31","55,6",""
2024/03/06 12:21:02,"19,13","61,3",""
2024/03/06 12:31:02,"19,19","62,2",""
2024/03/06 12:41:02,"19,19","63,3",""
2024/03/06 12:51:02,"19,19","64,1",""
2024/03/06 13:01:02,"19,25","64,5",""
2024/03/06 13:11:02,"19,25","64,6",""
2024/03/06 13:21:02,"19,25","64,8",""
2024/03/06 13:31:02,"19,25","64,8",""
2024/03/06 13:41:02,"19,25","64,9",""
2024/03/06 13:51:02,"18,06","51,9",""
2024/03/06 14:01:02,"18,38","58,7",""
2024/03/06 14:11:02,"18,88","59,3",""
2024/03/06 14:21:02,"19,31","59,3",""
2024/03/06 14:31:02,"19,63","59,3",""
2024/03/06 14:41:02,"19,88","59,0",""
2024/03/06 14:51:02,"20,00","59,6",""
2024/03/06 15:01:02,"20,31","59,4",""
2024/03/06 15:11:02,"20,81","58,8",""
2024/03/06 15:21:02,"21,13","58,1",""
2024/03/06 15:31:02,"21,25","57,7",""
2024/03/06 15:41:02,"21,38","57,8",""
2024/03/06 15:51:02,"21,44","57,7",""
2024/03/06 16:01:02,"21,63","57,3",""
2024/03/06 16:11:02,"21,69","57,2",""
2024/03/06 16:21:02,"21,63","57,2",""
2024/03/06 16:31:02,"21,56","57,3",""
2024/03/06 16:41:02,"21,44","57,4",""
2024/03/06 16:51:02,"21,31","57,9",""
2024/03/06 17:01:02,"21,19","57,9",""
2024/03/06 17:11:02,"19,31","46,5",""
2024/03/06 17:21:02,"19,56","52,7",""
2024/03/06 17:31:02,"20,00","54,6",""
2024/03/06 17:41:02,"20,38","55,3",""
2024/03/06 17:51:02,"20,69","55,2",""
2024/03/06 18:01:02,"20,81","55,3",""
2024/03/06 18:11:02,"20,81","55,2",""
2024/03/06 18:21:02,"20,63","55,4",""
2024/03/06 18:31:02,"20,50","56,1",""
2024/03/06 18:41:02,"20,44","56,1",""
2024/03/06 18:51:02,"20,44","56,9",""
2024/03/06 19:01:02,"20,56","57,4",""
2024/03/06 19:11:02,"20,63","57,4",""
2024/03/06 19:21:02,"20,69","57,6",""
2024/03/06 19:31:02,"20,69","57,4",""
2024/03/06 19:41:02,"20,69","57,5",""
2024/03/06 19:51:02,"20,44","53,7",""
2024/03/06 20:01:02,"20,44","56,1",""
2024/03/06 20:11:02,"20,50","56,8",""
2024/03/06 20:21:02,"20,56","57,2",""
2024/03/06 20:31:02,"20,56","57,8",""
2024/03/06 20:41:02,"20,56","58,1",""
2024/03/06 20:51:02,"20,63","58,3",""
2024/03/06 21:01:02,"20,63","58,1",""
2024/03/06 21:11:02,"20,63","58,6",""
2024/03/06 21:21:02,"20,69","58,8",""
2024/03/06 21:31:02,"20,56","58,9",""
2024/03/06 21:41:02,"20,44","59,5",""
2024/03/06 21:51:02,"20,38","59,9",""
2024/03/06 22:01:02,"20,38","60,4",""
2024/03/06 22:11:02,"20,38","60,9",""
2024/03/06 22:21:02,"20,25","60,4",""
2024/03/06 22:31:02,"20,25","61,3",""
2024/03/06 22:41:02,"20,31","61,6",""
2024/03/06 22:51:02,"20,25","61,6",""
2024/03/06 23:01:02,"19,50","48,9",""
2024/03/06 23:11:02,"18,94","46,9",""
2024/03/06 23:21:02,"18,44","46,4",""
2024/03/06 23:31:02,"18,00","46,5",""
2024/03/06 23:41:02,"17,63","46,8",""
2024/03/06 23:51:02,"17,31","46,8",""
2024/03/07 00:01:02,"17,00","47,3",""
2024/03/07 00:11:02,"16,75","47,3",""
2024/03/07 00:21:02,"16,56","47,6",""
2024/03/07 00:31:02,"16,38","47,8",""
2024/03/07 00:41:02,"16,31","47,8",""
2024/03/07 00:51:02,"16,19","47,9",""
2024/03/07 01:01:02,"16,06","47,3",""
2024/03/07 01:11:02,"15,94","47,3",""
2024/03/07 01:21:02,"15,88","47,5",""
2024/03/07 01:31:02,"15,75","47,6",""
2024/03/07 01:41:02,"15,63","47,3",""
2024/03/07 01:51:02,"15,63","47,4",""
2024/03/07 02:01:02,"15,50","47,1",""
2024/03/07 02:11:02,"15,44","47,4",""
2024/03/07 02:21:02,"15,38","47,5",""
2024/03/07 02:31:02,"15,25","47,3",""
2024/03/07 02:41:02,"15,13","47,4",""
2024/03/07 02:51:02,"15,13","47,1",""
2024/03/07 03:01:02,"15,13","47,1",""
2024/03/07 03:11:02,"15,06","46,9",""
2024/03/07 03:21:02,"14,94","46,9",""
2024/03/07 03:31:02,"14,88","46,9",""
2024/03/07 03:41:02,"14,81","47,4",""
2024/03/07 03:51:02,"14,75","47,0",""
2024/03/07 04:01:02,"14,69","46,8",""
2024/03/07 04:11:02,"14,56","46,7",""
2024/03/07 04:21:02,"14,56","46,8",""
2024/03/07 04:31:02,"14,50","46,8",""
2024/03/07 04:41:02,"14,50","46,6",""
2024/03/07 04:51:02,"14,38","46,4",""
2024/03/07 05:01:02,"14,31","46,4",""
2024/03/07 05:11:02,"14,25","46,7",""
2024/03/07 05:21:02,"14,19","46,7",""
2024/03/07 05:31:02,"14,25","46,3",""
2024/03/07 05:41:02,"14,31","45,5",""
2024/03/07 05:51:02,"14,31","45,4",""
2024/03/07 06:01:02,"14,19","45,4",""
2024/03/07 06:11:02,"14,00","45,8",""
2024/03/07 06:21:02,"13,94","45,9",""
2024/03/07 06:31:02,"13,94","45,9",""
2024/03/07 06:41:02,"14,00","45,4",""
2024/03/07 06:51:02,"14,06","45,0",""
2024/03/07 07:01:02,"14,00","44,7",""
2024/03/07 07:11:02,"13,94","45,2",""
2024/03/07 07:21:02,"13,81","45,2",""
2024/03/07 07:31:02,"13,75","45,3",""
2024/03/07 07:41:02,"13,81","45,2",""
2024/03/07 07:51:02,"13,94","45,1",""
2024/03/07 08:01:02,"13,94","44,8",""
2024/03/07 08:11:02,"13,94","45,2",""
2024/03/07 08:21:02,"14,88","46,9",""
2024/03/07 08:31:02,"16,31","45,9",""
2024/03/07 08:41:02,"17,25","46,1",""
2024/03/07 08:51:02,"18,00","46,9",""
2024/03/07 09:01:02,"18,69","46,9",""
2024/03/07 09:11:02,"19,25","47,1",""
2024/03/07 09:21:02,"19,69","47,6",""
2024/03/07 09:31:02,"20,13","47,9",""
2024/03/07 09:41:02,"20,38","48,1",""
2024/03/07 09:51:02,"20,06","46,9",""
2024/03/07 10:01:02,"20,44","47,2",""
2024/03/07 10:11:02,"20,81","47,4",""
2024/03/07 10:21:02,"20,69","48,9",""
2024/03/07 10:31:02,"20,38","48,6",""
2024/03/07 10:41:02,"20,13","49,1",""
2024/03/07 10:51:02,"20,00","49,3",""
2024/03/07 11:01:02,"19,94","49,8",""
2024/03/07 11:11:02,"19,94","50,2",""
2024/03/07 11:21:02,"19,81","50,1",""
2024/03/07 11:31:02,"19,75","50,4",""
2024/03/07 11:41:02,"19,75","53,8",""
2024/03/07 11:51:02,"19,69","56,1",""
2024/03/07 12:01:02,"19,63","59,0",""
2024/03/07 12:11:02,"19,56","59,9",""
2024/03/07 12:21:02,"19,50","60,9",""
2024/03/07 12:31:02,"19,50","61,3",""
2024/03/07 12:41:02,"19,50","61,5",""
2024/03/07 12:51:02,"19,63","61,5",""
2024/03/07 13:01:02,"19,69","61,6",""
2024/03/07 13:11:02,"19,75","62,3",""
2024/03/07 13:21:02,"19,75","62,7",""
2024/03/07 13:31:02,"19,63","63,4",""
2024/03/07 13:41:02,"19,63","63,9",""
2024/03/07 13:51:02,"19,56","64,1",""
2024/03/07 14:01:02,"19,38","54,3",""
2024/03/07 14:11:02,"18,50","49,9",""
2024/03/07 14:21:02,"18,56","52,3",""
2024/03/07 14:31:02,"19,06","54,2",""
2024/03/07 14:41:02,"19,56","54,7",""
2024/03/07 14:51:02,"19,94","55,2",""
2024/03/07 15:01:02,"20,19","55,9",""
2024/03/07 15:11:02,"20,69","57,9",""
2024/03/07 15:21:02,"20,81","58,4",""
2024/03/07 15:31:02,"20,88","58,4",""
2024/03/07 15:41:02,"20,94","58,8",""
2024/03/07 15:51:02,"21,06","59,5",""
2024/03/07 16:01:02,"21,06","58,6",""
2024/03/07 16:11:02,"21,06","58,0",""
2024/03/07 16:21:02,"20,94","57,6",""
2024/03/07 16:31:02,"20,81","57,4",""
2024/03/07 16:41:02,"20,75","57,4",""
2024/03/07 16:51:02,"20,75","57,5",""
2024/03/07 17:01:02,"20,81","57,4",""
2024/03/07 17:11:02,"20,75","57,2",""
2024/03/07 17:21:02,"20,75","57,1",""
2024/03/07 17:31:02,"20,69","57,1",""
2024/03/07 17:41:02,"20,69","57,1",""
2024/03/07 17:51:02,"20,69","57,1",""
2024/03/07 18:01:02,"20,63","57,1",""
2024/03/07 18:11:02,"20,63","57,1",""
2024/03/07 18:21:02,"20,63","57,1",""
2024/03/07 18:31:02,"20,56","57,1",""
2024/03/07 18:41:02,"20,56","57,1",""
2024/03/07 18:51:02,"20,56","57,1",""
2024/03/07 19:01:02,"20,56","57,1",""
2024/03/07 19:11:02,"20,56","57,1",""
2024/03/07 19:21:02,"20,56","57,1",""
2024/03/07 19:31:02,"20,56","57,1",""
2024/03/07 19:41:02,"20,56","57,1",""
2024/03/07 19:51:02,"20,56","57,1",""
2024/03/07 20:01:02,"20,56","57,0",""
2024/03/07 20:11:02,"20,56","57,0",""
2024/03/07 20:21:02,"20,56","57,0",""
2024/03/07 20:31:02,"20,56","57,0",""
2024/03/07 20:41:02,"20,56","57,1",""
2024/03/07 20:51:02,"20,56","57,1",""
2024/03/07 21:01:02,"20,63","57,1",""
2024/03/07 21:11:02,"20,63","57,0",""
2024/03/07 21:21:02,"20,63","56,9",""
2024/03/07 21:31:02,"20,63","56,9",""
2024/03/07 21:41:02,"20,69","56,9",""
2024/03/07 21:51:02,"20,69","57,8",""
2024/03/07 22:01:02,"20,69","58,7",""
2024/03/07 22:11:02,"20,69","59,4",""
2024/03/07 22:21:02,"20,69","60,3",""
2024/03/07 22:31:02,"20,81","61,4",""
2024/03/07 22:41:02,"20,88","61,3",""
2024/03/07 22:51:02,"20,88","61,2",""
2024/03/07 23:01:02,"20,88","61,1",""
2024/03/07 23:11:02,"20,88","60,9",""
2024/03/07 23:21:02,"20,94","60,6",""
2024/03/07 23:31:02,"20,94","60,3",""
2024/03/07 23:41:02,"20,81","54,9",""
2024/03/07 23:51:02,"20,38","51,1",""
2024/03/08 00:01:02,"20,06","47,6",""
2024/03/08 00:11:02,"19,81","45,7",""
2024/03/08 00:21:02,"19,56","44,6",""
2024/03/08 00:31:02,"19,31","43,3",""
2024/03/08 00:41:02,"19,06","42,5",""
2024/03/08 00:51:02,"18,81","41,7",""
2024/03/08 01:01:02,"18,50","41,2",""
2024/03/08 01:11:02,"18,31","41,2",""
2024/03/08 01:21:02,"18,13","40,9",""
2024/03/08 01:31:02,"18,00","40,5",""
2024/03/08 01:41:02,"17,75","39,5",""
2024/03/08 01:51:02,"17,56","39,8",""
2024/03/08 02:01:02,"17,44","39,5",""
2024/03/08 02:11:02,"17,31","39,2",""
2024/03/08 02:21:02,"17,13","39,3",""
2024/03/08 02:31:02,"17,00","38,7",""
2024/03/08 02:41:02,"16,81","38,8",""
2024/03/08 02:51:02,"16,75","39,0",""
2024/03/08 03:01:02,"16,63","39,1",""
2024/03/08 03:11:02,"16,50","38,8",""
2024/03/08 03:21:02,"16,44","38,9",""
2024/03/08 03:31:02,"16,31","39,1",""
2024/03/08 03:41:02,"16,25","39,6",""
2024/03/08 03:51:02,"16,25","40,1",""
2024/03/08 04:01:02,"16,19","39,8",""
2024/03/08 04:11:02,"16,06","39,1",""
2024/03/08 04:21:02,"16,00","39,2",""
2024/03/08 04:31:02,"15,94","38,7",""
2024/03/08 04:41:02,"15,88","38,8",""
2024/03/08 04:51:02,"15,81","38,6",""
2024/03/08 05:01:02,"15,75","38,4",""
2024/03/08 05:11:02,"15,63","38,3",""
2024/03/08 05:21:02,"15,56","38,4",""
2024/03/08 05:31:02,"15,50","38,3",""
2024/03/08 05:41:02,"15,44","38,6",""
2024/03/08 05:51:02,"15,38","38,8",""
2024/03/08 06:01:02,"15,31","38,5",""
2024/03/08 06:11:02,"15,19","38,3",""
2024/03/08 06:21:02,"15,13","38,4",""
2024/03/08 06:31:02,"15,00","38,3",""
2024/03/08 06:41:02,"14,94","38,2",""
2024/03/08 06:51:02,"14,88","38,1",""
2024/03/08 07:01:02,"14,75","38,3",""
2024/03/08 07:11:02,"14,69","38,4",""
2024/03/08 07:21:02,"14,63","38,5",""
2024/03/08 07:31:02,"14,56","38,7",""
2024/03/08 07:41:02,"14,44","38,6",""
2024/03/08 07:51:02,"14,38","40,1",""
2024/03/08 08:01:02,"15,00","44,3",""
2024/03/08 08:11:02,"15,88","50,2",""
2024/03/08 08:21:02,"16,56","51,9",""
2024/03/08 08:31:02,"17,25","54,2",""
2024/03/08 08:41:02,"17,88","55,6",""
2024/03/08 08:51:02,"18,38","56,4",""
2024/03/08 09:01:02,"18,88","55,8",""
2024/03/08 09:11:02,"19,38","54,7",""
2024/03/08 09:21:02,"19,63","56,3",""
2024/03/08 09:31:02,"19,81","56,4",""
2024/03/08 09:41:02,"19,81","54,8",""
2024/03/08 09:51:02,"19,88","54,7",""
2024/03/08 10:01:02,"20,00","55,4",""
2024/03/08 10:11:02,"20,06","56,3",""
2024/03/08 10:21:02,"20,25","57,3",""
2024/03/08 10:31:02,"20,38","57,8",""
2024/03/08 10:41:02,"20,44","58,0",""
2024/03/08 10:51:02,"20,56","58,9",""
2024/03/08 11:01:02,"20,50","57,5",""
2024/03/08 11:11:02,"20,50","57,4",""
2024/03/08 11:21:02,"20,44","57,4",""
2024/03/08 11:31:02,"20,44","57,8",""
2024/03/08 11:41:02,"20,50","58,3",""
2024/03/08 11:51:02,"20,50","58,6",""
2024/03/08 12:01:02,"20,56","58,9",""
2024/03/08 12:11:02,"20,56","59,1",""
2024/03/08 12:21:02,"20,56","59,2",""
2024/03/08 12:31:02,"20,56","59,3",""
2024/03/08 12:41:02,"20,56","59,4",""
2024/03/08 12:51:02,"20,56","59,6",""
2024/03/08 13:01:02,"20,56","59,6",""
2024/03/08 13:11:02,"20,56","59,8",""
2024/03/08 13:21:02,"20,63","59,8",""
2024/03/08 13:31:02,"20,63","59,8",""
2024/03/08 13:41:02,"20,69","59,8",""
2024/03/08 13:51:02,"20,69","59,8",""
2024/03/08 14:01:02,"20,69","59,8",""
2024/03/08 14:11:02,"20,69","59,9",""
2024/03/08 14:21:02,"20,69","59,9",""
2024/03/08 14:31:02,"20,69","60,1",""
2024/03/08 14:41:02,"20,69","60,1",""
2024/03/08 14:51:02,"20,69","60,2",""
2024/03/08 15:01:02,"20,69","60,3",""
2024/03/08 15:11:02,"20,69","60,3",""
2024/03/08 15:21:02,"20,69","60,3",""
2024/03/08 15:31:02,"20,69","60,4",""
2024/03/08 15:41:02,"20,69","60,4",""
2024/03/08 15:51:02,"20,69","60,4",""
2024/03/08 16:01:02,"20,69","60,5",""
2024/03/08 16:11:02,"20,69","60,6",""
2024/03/08 16:21:02,"20,69","60,6",""
2024/03/08 16:31:02,"20,69","60,7",""
2024/03/08 16:41:02,"20,69","60,7",""
2024/03/08 16:51:02,"20,69","60,6",""
2024/03/08 17:01:02,"20,69","60,6",""
2024/03/08 17:11:02,"20,69","60,8",""
2024/03/08 17:21:02,"20,69","60,8",""
2024/03/08 17:31:02,"20,69","60,8",""
2024/03/08 17:41:02,"20,69","60,8",""
2024/03/08 17:51:02,"20,69","60,8",""
2024/03/08 18:01:02,"20,69","60,8",""
2024/03/08 18:11:02,"20,69","60,9",""
2024/03/08 18:21:02,"20,69","60,9",""
2024/03/08 18:31:02,"20,69","60,9",""
2024/03/08 18:41:02,"20,69","60,9",""
2024/03/08 18:51:02,"20,63","60,9",""
2024/03/08 19:01:02,"20,63","60,9",""
2024/03/08 19:11:02,"20,63","61,0",""
2024/03/08 19:21:02,"20,63","61,0",""
2024/03/08 19:31:02,"20,63","61,0",""
2024/03/08 19:41:02,"20,63","61,0",""
2024/03/08 19:51:02,"20,63","61,0",""
2024/03/08 20:01:02,"20,63","61,0",""
2024/03/08 20:11:02,"20,63","61,1",""
2024/03/08 20:21:02,"20,63","61,1",""
2024/03/08 20:31:02,"20,63","61,0",""
2024/03/08 20:41:02,"20,63","61,0",""
2024/03/08 20:51:02,"20,63","61,1",""
2024/03/08 21:01:02,"20,63","61,1",""
2024/03/08 21:11:02,"20,63","61,1",""
2024/03/08 21:21:02,"20,63","61,1",""
2024/03/08 21:31:02,"20,63","61,1",""
2024/03/08 21:41:02,"20,63","61,1",""
2024/03/08 21:51:02,"20,63","61,1",""
2024/03/08 22:01:02,"20,63","61,1",""
2024/03/08 22:11:02,"20,63","61,0",""
2024/03/08 22:21:02,"20,63","60,9",""
2024/03/08 22:31:02,"20,69","60,9",""
2024/03/08 22:41:02,"20,69","60,4",""
2024/03/08 22:51:02,"19,31","43,3",""
2024/03/08 23:01:02,"19,06","45,4",""
2024/03/08 23:11:02,"19,00","45,9",""
2024/03/08 23:21:02,"18,63","43,3",""
2024/03/08 23:31:02,"18,25","41,9",""
2024/03/08 23:41:02,"17,88","41,6",""
2024/03/08 23:51:02,"17,56","41,3",""
2024/03/09 00:01:02,"17,25","41,3",""
2024/03/09 00:11:02,"17,00","41,1",""
2024/03/09 00:21:02,"16,69","41,1",""
2024/03/09 00:31:02,"16,50","41,4",""
2024/03/09 00:41:02,"16,31","41,4",""
2024/03/09 00:51:02,"16,06","41,3",""
2024/03/09 01:01:02,"15,88","41,4",""
2024/03/09 01:11:02,"15,69","41,4",""
2024/03/09 01:21:02,"15,50","41,6",""
2024/03/09 01:31:02,"15,31","41,8",""
2024/03/09 01:41:02,"15,19","41,7",""
2024/03/09 01:51:02,"15,06","41,8",""
2024/03/09 02:01:02,"14,94","41,8",""
2024/03/09 02:11:02,"14,81","41,8",""
2024/03/09 02:21:02,"14,63","42,0",""
2024/03/09 02:31:02,"14,56","42,2",""
2024/03/09 02:41:02,"14,44","42,1",""
2024/03/09 02:51:02,"14,31","42,4",""
2024/03/09 03:01:02,"14,25","42,4",""
2024/03/09 03:11:02,"14,19","42,7",""
2024/03/09 03:21:02,"14,13","42,7",""
2024/03/09 03:31:02,"14,00","42,7",""
2024/03/09 03:41:02,"13,94","42,9",""
2024/03/09 03:51:02,"13,94","43,1",""
2024/03/09 04:01:02,"13,94","43,1",""
2024/03/09 04:11:02,"13,94","43,2",""
2024/03/09 04:21:02,"13,88","43,2",""
2024/03/09 04:31:02,"13,81","43,1",""
2024/03/09 04:41:02,"13,69","43,3",""
2024/03/09 04:51:02,"13,63","43,3",""
2024/03/09 05:01:02,"13,50","43,2",""
2024/03/09 05:11:02,"13,38","43,3",""
2024/03/09 05:21:02,"13,31","43,5",""
2024/03/09 05:31:02,"13,25","43,5",""
2024/03/09 05:41:02,"13,19","43,6",""
2024/03/09 05:51:02,"13,13","43,9",""
2024/03/09 06:01:02,"13,06","44,1",""
2024/03/09 06:11:02,"13,00","44,1",""
2024/03/09 06:21:02,"13,00","44,4",""
2024/03/09 06:31:02,"12,94","44,4",""
2024/03/09 06:41:02,"12,94","44,6",""
2024/03/09 06:51:02,"13,06","46,6",""
2024/03/09 07:01:02,"13,88","48,1",""
2024/03/09 07:11:02,"14,75","48,4",""
2024/03/09 07:21:02,"15,50","52,2",""
2024/03/09 07:31:02,"16,13","51,1",""
2024/03/09 07:41:02,"16,94","57,4",""
2024/03/09 07:51:02,"17,50","59,6",""
2024/03/09 08:01:02,"17,69","62,5",""
2024/03/09 08:11:02,"17,88","62,9",""
2024/03/09 08:21:02,"18,00","63,5",""
2024/03/09 08:31:02,"18,13","64,4",""
2024/03/09 08:41:02,"18,25","64,0",""
2024/03/09 08:51:02,"18,19","63,0",""
2024/03/09 09:01:02,"18,19","62,0",""
2024/03/09 09:11:02,"18,13","61,3",""
2024/03/09 09:21:02,"18,06","60,8",""
2024/03/09 09:31:02,"18,00","60,5",""
2024/03/09 09:41:02,"18,00","60,2",""
2024/03/09 09:51:02,"17,94","59,9",""
2024/03/09 10:01:02,"17,88","59,8",""
2024/03/09 10:11:02,"17,88","59,5",""
2024/03/09 10:21:02,"17,81","59,5",""
2024/03/09 10:31:02,"17,81","59,5",""
2024/03/09 10:41:02,"17,81","59,4",""
2024/03/09 10:51:02,"17,81","59,4",""
2024/03/09 11:01:02,"17,75","59,4",""
2024/03/09 11:11:02,"17,75","59,3",""
2024/03/09 11:21:02,"17,75","59,4",""
2024/03/09 11:31:02,"17,75","59,6",""
2024/03/09 11:41:02,"17,75","59,6",""
2024/03/09 11:51:02,"17,75","59,6",""
2024/03/09 12:01:02,"17,69","59,6",""
2024/03/09 12:11:02,"17,69","59,6",""
2024/03/09 12:21:02,"17,69","59,8",""
2024/03/09 12:31:02,"17,69","59,8",""
2024/03/09 12:41:02,"17,56","53,4",""
2024/03/09 12:51:02,"17,44","54,4",""
2024/03/09 13:01:02,"17,13","49,2",""
2024/03/09 13:11:02,"17,31","53,4",""
2024/03/09 13:21:02,"17,44","54,9",""
2024/03/09 13:31:02,"17,50","55,8",""
2024/03/09 13:41:02,"17,63","56,3",""
2024/03/09 13:51:02,"17,69","56,9",""
2024/03/09 14:01:02,"17,75","57,6",""
2024/03/09 14:11:02,"17,81","58,1",""
2024/03/09 14:21:02,"17,88","58,7",""
2024/03/09 14:31:02,"17,94","59,0",""
2024/03/09 14:41:02,"18,00","59,6",""
2024/03/09 14:51:02,"18,13","60,0",""
2024/03/09 15:01:02,"18,19","60,4",""
2024/03/09 15:11:02,"18,25","60,7",""
2024/03/09 15:21:02,"18,25","60,8",""
2024/03/09 15:31:02,"18,31","60,8",""
2024/03/09 15:41:02,"18,38","60,9",""
2024/03/09 15:51:02,"18,38","61,0",""
2024/03/09 16:01:02,"18,44","61,1",""
2024/03/09 16:11:02,"18,44","61,2",""
2024/03/09 16:21:02,"18,50","61,3",""
2024/03/09 16:31:02,"18,50","61,4",""
2024/03/09 16:41:02,"18,50","61,4",""
2024/03/09 16:51:02,"18,56","61,4",""
2024/03/09 17:01:02,"18,56","61,6",""
2024/03/09 17:11:02,"18,56","61,7",""
2024/03/09 17:21:02,"18,56","61,8",""
2024/03/09 17:31:02,"18,63","61,9",""
2024/03/09 17:41:02,"18,63","61,9",""
2024/03/09 17:51:02,"18,63","62,1",""
2024/03/09 18:01:02,"18,56","60,1",""
2024/03/09 18:11:02,"18,38","54,3",""
2024/03/09 18:21:02,"18,25","50,9",""
2024/03/09 18:31:02,"18,25","54,1",""
2024/03/09 18:41:02,"18,31","55,1",""
2024/03/09 18:51:02,"18,31","55,8",""
2024/03/09 19:01:02,"18,38","56,5",""
2024/03/09 19:11:02,"18,38","57,6",""
2024/03/09 19:21:02,"18,44","57,9",""
2024/03/09 19:31:02,"18,44","58,3",""
2024/03/09 19:41:02,"18,44","58,6",""
2024/03/09 19:51:02,"18,50","58,9",""
2024/03/09 20:01:02,"18,50","59,1",""
2024/03/09 20:11:02,"18,69","58,4",""
2024/03/09 20:21:02,"18,50","54,0",""
2024/03/09 20:31:02,"18,31","52,6",""
2024/03/09 20:41:02,"18,19","51,8",""
2024/03/09 20:51:02,"18,00","50,7",""
2024/03/09 21:01:02,"17,81","49,8",""
2024/03/09 21:11:02,"17,69","49,4",""
2024/03/09 21:21:02,"17,56","49,3",""
2024/03/09 21:31:02,"17,44","49,3",""
2024/03/09 21:41:02,"17,31","48,9",""
2024/03/09 21:51:02,"17,19","48,6",""
2024/03/09 22:01:02,"17,06","48,6",""
2024/03/09 22:11:02,"17,00","48,1",""
2024/03/09 22:21:02,"16,94","48,3",""
2024/03/09 22:31:02,"16,81","48,0",""
2024/03/09 22:41:02,"16,75","47,4",""
2024/03/09 22:51:02,"16,69","47,5",""
2024/03/09 23:01:02,"16,63","48,1",""
2024/03/09 23:11:02,"16,56","47,6",""
2024/03/09 23:21:02,"16,50","47,4",""
2024/03/09 23:31:02,"16,44","47,4",""
2024/03/09 23:41:02,"16,38","47,2",""
2024/03/09 23:51:02,"16,31","47,1",""
2024/03/10 00:01:02,"16,25","46,9",""
2024/03/10 00:11:02,"16,19","46,4",""
2024/03/10 00:21:02,"16,13","47,3",""
2024/03/10 00:31:02,"16,13","46,8",""
2024/03/10 00:41:02,"16,13","46,8",""
2024/03/10 00:51:02,"16,13","46,8",""
2024/03/10 01:01:02,"16,19","47,5",""
2024/03/10 01:11:02,"16,19","47,6",""
2024/03/10 01:21:02,"16,19","47,7",""
2024/03/10 01:31:02,"16,19","47,3",""
2024/03/10 01:41:02,"16,13","47,6",""
2024/03/10 01:51:02,"16,13","46,9",""
2024/03/10 02:01:02,"16,06","46,8",""
2024/03/10 02:11:02,"16,06","46,3",""
2024/03/10 02:21:02,"16,00","46,0",""
2024/03/10 02:31:02,"15,94","45,8",""
2024/03/10 02:41:02,"15,88","45,9",""
2024/03/10 02:51:02,"15,81","45,9",""
2024/03/10 03:01:02,"15,75","46,1",""
2024/03/10 03:11:02,"15,69","46,3",""
2024/03/10 03:21:02,"15,63","46,4",""
2024/03/10 03:31:02,"15,63","46,6",""
2024/03/10 03:41:02,"15,56","46,8",""
2024/03/10 03:51:02,"15,50","46,8",""
2024/03/10 04:01:02,"15,50","46,9",""
2024/03/10 04:11:02,"15,44","46,9",""
2024/03/10 04:21:02,"15,38","47,1",""
2024/03/10 04:31:02,"15,31","47,4",""
2024/03/10 04:41:02,"15,31","47,4",""
2024/03/10 04:51:02,"15,25","47,5",""
2024/03/10 05:01:02,"15,19","47,8",""
2024/03/10 05:11:02,"15,19","47,8",""
2024/03/10 05:21:02,"15,19","47,9",""
2024/03/10 05:31:02,"15,13","48,4",""
2024/03/10 05:41:02,"15,13","48,3",""
2024/03/10 05:51:02,"15,13","48,5",""
2024/03/10 06:01:02,"15,13","48,9",""
2024/03/10 06:11:02,"15,13","49,3",""
2024/03/10 06:21:02,"15,13","49,0",""
2024/03/10 06:31:02,"15,13","48,6",""
2024/03/10 06:41:02,"15,13","48,8",""
2024/03/10 06:51:02,"15,06","49,1",""
2024/03/10 07:01:02,"15,06","48,8",""
2024/03/10 07:11:02,"15,00","48,7",""
2024/03/10 07:21:02,"15,00","48,9",""
2024/03/10 07:31:02,"14,94","48,9",""
2024/03/10 07:41:02,"14,94","49,3",""
2024/03/10 07:51:02,"14,94","49,4",""
2024/03/10 08:01:02,"14,94","49,4",""
2024/03/10 08:11:02,"15,25","51,4",""
2024/03/10 08:21:02,"15,94","51,3",""
2024/03/10 08:31:02,"16,56","51,0",""
2024/03/10 08:41:02,"17,00","52,1",""
2024/03/10 08:51:02,"17,50","54,8",""
2024/03/10 09:01:02,"17,94","57,6",""
2024/03/10 09:11:02,"18,38","58,4",""
2024/03/10 09:21:02,"18,81","58,9",""
2024/03/10 09:31:02,"19,13","58,9",""
2024/03/10 09:41:02,"19,31","58,7",""
2024/03/10 09:51:02,"19,50","58,6",""
2024/03/10 10:01:02,"19,63","58,8",""
2024/03/10 10:11:02,"19,75","58,6",""
2024/03/10 10:21:02,"19,81","58,6",""
2024/03/10 10:31:02,"19,88","58,4",""
2024/03/10 10:41:02,"19,88","58,4",""
2024/03/10 10:51:02,"19,94","58,4",""
2024/03/10 11:01:02,"20,00","58,4",""
2024/03/10 11:11:02,"20,06","58,4",""
2024/03/10 11:21:02,"20,06","58,4",""
2024/03/10 11:31:02,"20,13","58,3",""
2024/03/10 11:41:02,"20,13","57,9",""
2024/03/10 11:51:02,"20,13","56,6",""
2024/03/10 12:01:02,"20,19","56,4",""
2024/03/10 12:11:02,"20,25","56,8",""
2024/03/10 12:21:02,"20,31","56,9",""
2024/03/10 12:31:02,"20,38","57,0",""
2024/03/10 12:41:02,"20,38","57,2",""
2024/03/10 12:51:02,"20,38","57,3",""
2024/03/10 13:01:02,"20,38","57,4",""
2024/03/10 13:11:02,"20,44","57,5",""
2024/03/10 13:21:02,"20,50","57,8",""
2024/03/10 13:31:02,"20,50","57,8",""
2024/03/10 13:41:02,"20,50","57,8",""
2024/03/10 13:51:02,"20,50","57,8",""
2024/03/10 14:01:02,"20,56","57,8",""
2024/03/10 14:11:02,"20,56","57,9",""
2024/03/10 14:21:02,"20,63","57,9",""
2024/03/10 14:31:02,"20,63","57,8",""
2024/03/10 14:41:02,"20,63","57,9",""
2024/03/10 14:51:02,"20,63","58,1",""
2024/03/10 15:01:02,"20,63","58,2",""
2024/03/10 15:11:02,"20,69","58,3",""
2024/03/10 15:21:02,"20,69","58,3",""
2024/03/10 15:31:02,"20,69","58,3",""
2024/03/10 15:41:02,"20,69","58,3",""
2024/03/10 15:51:02,"20,69","58,3",""
2024/03/10 16:01:02,"20,69","58,3",""
2024/03/10 16:11:02,"20,69","58,3",""
2024/03/10 16:21:02,"20,69","58,3",""
2024/03/10 16:31:02,"20,69","58,4",""
2024/03/10 16:41:02,"20,69","58,4",""
2024/03/10 16:51:02,"20,69","58,4",""
2024/03/10 17:01:02,"20,69","58,5",""
2024/03/10 17:11:02,"20,75","58,6",""
2024/03/10 17:21:02,"20,75","58,8",""
2024/03/10 17:31:02,"20,81","59,0",""
2024/03/10 17:41:02,"20,81","59,0",""
2024/03/10 17:51:02,"20,81","59,1",""
2024/03/10 18:01:02,"20,81","59,0",""
2024/03/10 18:11:02,"20,81","59,0",""
2024/03/10 18:21:02,"20,81","59,1",""
2024/03/10 18:31:02,"20,81","59,1",""
2024/03/10 18:41:02,"20,88","59,1",""
2024/03/10 18:51:02,"20,88","59,1",""
2024/03/10 19:01:02,"20,88","59,1",""
2024/03/10 19:11:02,"20,88","59,1",""
2024/03/10 19:21:02,"20,88","59,1",""
2024/03/10 19:31:02,"20,88","59,1",""
2024/03/10 19:41:02,"20,88","59,1",""
2024/03/10 19:51:02,"20,88","59,0",""
2024/03/10 20:01:02,"20,88","59,0",""
2024/03/10 20:11:02,"20,88","59,1",""
2024/03/10 20:21:02,"20,88","59,1",""
2024/03/10 20:31:02,"20,69","51,8",""
2024/03/10 20:41:02,"20,25","49,9",""
2024/03/10 20:51:02,"20,13","50,7",""
2024/03/10 21:01:02,"19,94","50,4",""
2024/03/10 21:11:02,"19,75","50,1",""
2024/03/10 21:21:02,"19,56","49,9",""
2024/03/10 21:31:02,"19,38","49,8",""
2024/03/10 21:41:02,"19,31","49,9",""
2024/03/10 21:51:02,"19,13","50,3",""
2024/03/10 22:01:02,"19,06","50,8",""
2024/03/10 22:11:02,"19,00","51,4",""
2024/03/10 22:21:02,"18,88","50,8",""
2024/03/10 22:31:02,"18,81","51,1",""
2024/03/10 22:41:02,"18,75","51,4",""
2024/03/10 22:51:02,"18,69","51,5",""
2024/03/10 23:01:02,"18,63","52,4",""
2024/03/10 23:11:02,"18,63","53,0",""
2024/03/10 23:21:02,"18,56","53,3",""
2024/03/10 23:31:02,"18,50","53,5",""
2024/03/10 23:41:02,"18,44","53,9",""
2024/03/10 23:51:02,"18,38","54,3",""
2024/03/11 00:01:02,"18,31","54,6",""
2024/03/11 00:11:02,"18,31","54,5",""
2024/03/11 00:21:02,"18,25","54,9",""
2024/03/11 00:31:02,"18,25","55,1",""
2024/03/11 00:41:02,"18,19","54,9",""
2024/03/11 00:51:02,"18,13","55,1",""
2024/03/11 01:01:02,"18,13","55,3",""
2024/03/11 01:11:02,"18,06","55,1",""
2024/03/11 01:21:02,"18,00","55,3",""
2024/03/11 01:31:02,"18,00","55,3",""
2024/03/11 01:41:02,"17,94","55,3",""
2024/03/11 01:51:02,"17,94","54,9",""
2024/03/11 02:01:02,"17,88","54,9",""
2024/03/11 02:11:02,"17,81","54,7",""
2024/03/11 02:21:02,"17,81","54,4",""
2024/03/11 02:31:02,"17,75","54,6",""
2024/03/11 02:41:02,"17,69","54,8",""
2024/03/11 02:51:02,"17,69","54,8",""
2024/03/11 03:01:02,"17,63","54,9",""
2024/03/11 03:11:02,"17,63","55,0",""
2024/03/11 03:21:02,"17,63","54,9",""
2024/03/11 03:31:02,"17,56","54,9",""
2024/03/11 03:41:02,"17,56","55,2",""
2024/03/11 03:51:02,"17,50","55,4",""
2024/03/11 04:01:02,"17,50","55,3",""
2024/03/11 04:11:02,"17,50","55,1",""
2024/03/11 04:21:02,"17,50","55,0",""
2024/03/11 04:31:02,"17,44","54,9",""
2024/03/11 04:41:02,"17,44","55,1",""
2024/03/11 04:51:02,"17,44","55,0",""
2024/03/11 05:01:02,"17,38","55,4",""
2024/03/11 05:11:02,"17,38","55,1",""
2024/03/11 05:21:02,"17,31","55,2",""
2024/03/11 05:31:02,"17,31","55,2",""
2024/03/11 05:41:02,"17,25","55,3",""
2024/03/11 05:51:02,"17,19","55,2",""
2024/03/11 06:01:02,"17,19","55,0",""
2024/03/11 06:11:02,"17,13","55,3",""
2024/03/11 06:21:02,"17,13","55,6",""
2024/03/11 06:31:02,"17,06","55,6",""
2024/03/11 06:41:02,"17,06","55,8",""
2024/03/11 06:51:02,"17,06","55,9",""
2024/03/11 07:01:02,"17,06","56,1",""
2024/03/11 07:11:02,"17,06","56,0",""
2024/03/11 07:21:02,"17,00","55,6",""
2024/03/11 07:31:02,"17,06","56,2",""
2024/03/11 07:41:02,"17,06","56,3",""
2024/03/11 07:51:02,"17,00","56,3",""
2024/03/11 08:01:02,"17,06","56,4",""
2024/03/11 08:11:02,"17,00","56,3",""
2024/03/11 08:21:02,"17,06","56,8",""
2024/03/11 08:31:02,"17,06","56,9",""
2024/03/11 08:41:02,"17,06","56,8",""
2024/03/11 08:51:02,"17,06","56,9",""
2024/03/11 09:01:02,"17,19","58,1",""
2024/03/11 09:11:02,"17,75","58,2",""
2024/03/11 09:21:02,"18,25","57,3",""
2024/03/11 09:31:02,"18,75","56,8",""
2024/03/11 09:41:02,"19,25","55,9",""
2024/03/11 09:51:02,"19,69","55,3",""
2024/03/11 10:01:02,"20,00","54,8",""
2024/03/11 10:11:02,"20,19","54,3",""
2024/03/11 10:21:02,"20,38","53,9",""
2024/03/11 10:31:02,"20,50","54,0",""
2024/03/11 10:41:02,"20,44","54,1",""
2024/03/11 10:51:02,"20,31","54,7",""
2024/03/11 11:01:02,"20,56","57,1",""
2024/03/11 11:11:02,"20,81","57,9",""
2024/03/11 11:21:02,"20,94","58,5",""
2024/03/11 11:31:02,"21,06","59,2",""
2024/03/11 11:41:02,"21,19","58,1",""
2024/03/11 11:51:02,"21,25","57,9",""
2024/03/11 12:01:02,"21,38","57,9",""
2024/03/11 12:11:02,"21,44","57,7",""
2024/03/11 12:21:02,"21,38","58,3",""
2024/03/11 12:31:02,"21,31","58,1",""
2024/03/11 12:41:02,"21,25","57,7",""
2024/03/11 12:51:02,"21,25","57,6",""
2024/03/11 13:01:02,"21,38","58,1",""
2024/03/11 13:11:02,"21,50","58,5",""
2024/03/11 13:21:02,"21,56","58,3",""
2024/03/11 13:31:02,"21,44","58,3",""
2024/03/11 13:41:02,"21,31","58,3",""
2024/03/11 13:51:02,"21,25","58,6",""
2024/03/11 14:01:02,"21,19","58,4",""
2024/03/11 14:11:02,"20,69","52,5",""
2024/03/11 14:21:02,"20,88","53,9",""
2024/03/11 14:31:02,"20,94","54,9",""
2024/03/11 14:41:02,"21,00","55,6",""
2024/03/11 14:51:02,"21,06","56,5",""
2024/03/11 15:01:02,"21,06","57,4",""
2024/03/11 15:11:02,"21,00","57,6",""
2024/03/11 15:21:02,"20,94","57,9",""
2024/03/11 15:31:02,"20,88","58,2",""
2024/03/11 15:41:02,"20,88","58,6",""
2024/03/11 15:51:02,"20,81","58,9",""
2024/03/11 16:01:02,"20,50","52,5",""
2024/03/11 16:11:02,"19,94","49,5",""
2024/03/11 16:21:02,"19,69","48,9",""
2024/03/11 16:31:02,"19,50","47,8",""
2024/03/11 16:41:02,"19,44","53,1",""
2024/03/11 16:51:02,"19,63","57,2",""
2024/03/11 17:01:02,"19,75","58,9",""
2024/03/11 17:11:02,"19,81","60,3",""
2024/03/11 17:21:02,"19,81","61,1",""
2024/03/11 17:31:02,"19,81","61,7",""
2024/03/11 17:41:02,"19,81","62,2",""
2024/03/11 17:51:02,"19,81","62,5",""
2024/03/11 18:01:02,"19,81","62,8",""
2024/03/11 18:11:02,"19,81","63,1",""
2024/03/11 18:21:02,"19,81","63,3",""
2024/03/11 18:31:02,"19,81","63,4",""
2024/03/11 18:41:02,"19,81","63,6",""
2024/03/11 18:51:02,"19,75","63,6",""
2024/03/11 19:01:02,"19,75","63,6",""
2024/03/11 19:11:02,"19,75","63,7",""
2024/03/11 19:21:02,"19,75","63,8",""
2024/03/11 19:31:02,"19,75","63,8",""
2024/03/11 19:41:02,"19,69","63,3",""
2024/03/11 19:51:02,"19,63","62,9",""
2024/03/11 20:01:02,"19,63","62,9",""
2024/03/11 20:11:02,"19,56","62,5",""
2024/03/11 20:21:02,"19,56","62,5",""
2024/03/11 20:31:02,"19,50","62,5",""
2024/03/11 20:41:02,"19,50","62,6",""
2024/03/11 20:51:02,"19,50","62,9",""
2024/03/11 21:01:02,"19,56","63,9",""
2024/03/11 21:11:02,"19,56","64,8",""
2024/03/11 21:21:02,"19,56","65,4",""
2024/03/11 21:31:02,"19,56","65,6",""
2024/03/11 21:41:02,"19,50","64,8",""
2024/03/11 21:51:02,"19,44","64,2",""
2024/03/11 22:01:02,"19,44","63,9",""
2024/03/11 22:11:02,"19,44","64,5",""
2024/03/11 22:21:02,"19,75","64,6",""
2024/03/11 22:31:02,"20,25","64,5",""
2024/03/11 22:41:02,"20,06","63,6",""
2024/03/11 22:51:02,"19,00","55,1",""
2024/03/11 23:01:02,"18,19","53,7",""
2024/03/11 23:11:02,"17,75","51,4",""
2024/03/11 23:21:02,"17,44","50,6",""
2024/03/11 23:31:02,"17,19","50,5",""
2024/03/11 23:41:02,"17,13","50,4",""
2024/03/11 23:51:02,"17,00","50,5",""
2024/03/12 00:01:02,"16,88","50,1",""
2024/03/12 00:11:02,"16,88","50,4",""
2024/03/12 00:21:02,"16,81","50,2",""
2024/03/12 00:31:02,"16,69","49,9",""
2024/03/12 00:41:02,"16,56","49,8",""
2024/03/12 00:51:02,"16,56","49,9",""
2024/03/12 01:01:02,"16,44","49,8",""
2024/03/12 01:11:02,"16,44","50,2",""
2024/03/12 01:21:02,"16,50","50,3",""
2024/03/12 01:31:02,"16,63","50,3",""
2024/03/12 01:41:02,"16,63","50,3",""
2024/03/12 01:51:02,"16,50","50,1",""
2024/03/12 02:01:02,"16,50","50,4",""
2024/03/12 02:11:02,"16,38","50,1",""
2024/03/12 02:21:02,"16,31","50,1",""
2024/03/12 02:31:02,"16,25","50,2",""
2024/03/12 02:41:02,"16,31","50,5",""
2024/03/12 02:51:02,"16,25","50,5",""
2024/03/12 03:01:02,"16,25","50,9",""
2024/03/12 03:11:02,"16,25","50,9",""
2024/03/12 03:21:02,"16,19","50,6",""
2024/03/12 03:31:02,"16,19","51,3",""
2024/03/12 03:41:02,"16,19","51,3",""
2024/03/12 03:51:02,"16,06","50,6",""
2024/03/12 04:01:02,"16,00","51,2",""
2024/03/12 04:11:02,"15,94","51,3",""
2024/03/12 04:21:02,"15,94","51,1",""
2024/03/12 04:31:02,"15,88","51,3",""
2024/03/12 04:41:02,"16,00","54,3",""
2024/03/12 04:51:02,"16,38","58,3",""
2024/03/12 05:01:02,"16,63","60,6",""
2024/03/12 05:11:02,"16,75","61,9",""
2024/03/12 05:21:02,"16,94","63,9",""
2024/03/12 05:31:02,"17,06","64,3",""
2024/03/12 05:41:02,"17,19","64,6",""
2024/03/12 05:51:02,"17,75","60,6",""
2024/03/12 06:01:02,"18,25","60,3",""
2024/03/12 06:11:02,"18,31","57,1",""
2024/03/12 06:21:02,"18,25","56,2",""
2024/03/12 06:31:02,"18,06","55,4",""
2024/03/12 06:41:02,"17,81","54,1",""
2024/03/12 06:51:02,"17,63","53,4",""
2024/03/12 07:01:02,"17,44","53,2",""
2024/03/12 07:11:02,"17,31","53,1",""
2024/03/12 07:21:02,"17,19","52,1",""
2024/03/12 07:31:02,"17,00","51,6",""
2024/03/12 07:41:02,"16,88","52,2",""
2024/03/12 07:51:02,"16,81","52,3",""
2024/03/12 08:01:02,"16,69","52,5",""
2024/03/12 08:11:02,"16,56","52,8",""
2024/03/12 08:21:02,"16,50","53,0",""
2024/03/12 08:31:02,"16,44","53,2",""
2024/03/12 08:41:02,"16,38","53,6",""
2024/03/12 08:51:02,"16,44","53,7",""
2024/03/12 09:01:02,"16,44","53,8",""
2024/03/12 09:11:02,"16,38","53,9",""
2024/03/12 09:21:02,"16,38","54,1",""
2024/03/12 09:31:02,"16,38","54,3",""
2024/03/12 09:41:02,"16,38","54,4",""
2024/03/12 09:51:02,"16,31","54,5",""
2024/03/12 10:01:02,"16,31","54,4",""
2024/03/12 10:11:02,"16,25","54,7",""
2024/03/12 10:21:02,"16,31","54,8",""
2024/03/12 10:31:02,"16,25","55,0",""
2024/03/12 10:41:02,"16,25","55,4",""
2024/03/12 10:51:02,"16,25","55,3",""
2024/03/12 11:01:02,"16,19","55,8",""
2024/03/12 11:11:02,"16,81","56,8",""
2024/03/12 11:21:02,"17,06","58,1",""
2024/03/12 11:31:02,"17,94","59,0",""
2024/03/12 11:41:02,"18,81","58,0",""
2024/03/12 11:51:02,"19,38","57,4",""
2024/03/12 12:01:02,"20,00","58,0",""
2024/03/12 12:11:02,"20,38","56,1",""
2024/03/12 12:21:02,"20,56","55,4",""
2024/03/12 12:31:02,"20,63","55,1",""
2024/03/12 12:41:02,"20,63","54,9",""
2024/03/12 12:51:02,"20,56","54,8",""
2024/03/12 13:01:02,"20,69","54,9",""
2024/03/12 13:11:02,"20,88","54,6",""
2024/03/12 13:21:02,"20,88","53,8",""
2024/03/12 13:31:02,"20,44","52,4",""
2024/03/12 13:41:02,"20,44","53,3",""
2024/03/12 13:51:02,"20,31","54,5",""
2024/03/12 14:01:02,"20,25","55,9",""
2024/03/12 14:11:02,"20,13","56,8",""
2024/03/12 14:21:02,"20,06","57,8",""
2024/03/12 14:31:02,"20,06","58,2",""
2024/03/12 14:41:02,"19,94","58,5",""
2024/03/12 14:51:02,"19,88","58,8",""
2024/03/12 15:01:02,"19,88","59,3",""
2024/03/12 15:11:02,"20,00","60,3",""
2024/03/12 15:21:02,"20,13","60,4",""
2024/03/12 15:31:02,"20,25","60,4",""
2024/03/12 15:41:02,"20,38","59,9",""
2024/03/12 15:51:02,"20,31","60,7",""
2024/03/12 16:01:02,"20,31","60,1",""
2024/03/12 16:11:02,"20,31","60,1",""
2024/03/12 16:21:02,"20,25","60,4",""
2024/03/12 16:31:02,"20,25","61,1",""
2024/03/12 16:41:02,"20,31","60,8",""
2024/03/12 16:51:02,"20,38","60,5",""
2024/03/12 17:01:02,"20,38","60,5",""
2024/03/12 17:11:02,"20,38","60,6",""
2024/03/12 17:21:02,"20,38","60,1",""
2024/03/12 17:31:02,"20,38","60,4",""
2024/03/12 17:41:02,"20,38","60,6",""
2024/03/12 17:51:02,"20,38","61,4",""
2024/03/12 18:01:02,"20,69","61,4",""
2024/03/12 18:11:02,"21,06","61,3",""
2024/03/12 18:21:02,"21,25","60,9",""
2024/03/12 18:31:02,"21,44","60,8",""
2024/03/12 18:41:02,"21,56","60,4",""
2024/03/12 18:51:02,"21,56","60,1",""
2024/03/12 19:01:02,"21,44","60,3",""
2024/03/12 19:11:02,"21,31","60,6",""
2024/03/12 19:21:02,"21,13","61,2",""
2024/03/12 19:31:02,"21,00","61,9",""
2024/03/12 19:41:02,"21,00","62,3",""
2024/03/12 19:51:02,"20,94","62,4",""
2024/03/12 20:01:02,"20,94","62,2",""
2024/03/12 20:11:02,"20,94","62,3",""
2024/03/12 20:21:02,"20,94","62,5",""
2024/03/12 20:31:02,"20,94","62,9",""
2024/03/12 20:41:02,"20,38","53,8",""
2024/03/12 20:51:02,"19,94","54,9",""
2024/03/12 21:01:02,"19,81","56,2",""
2024/03/12 21:11:02,"19,69","55,2",""
2024/03/12 21:21:02,"19,56","55,6",""
2024/03/12 21:31:02,"19,44","55,4",""
2024/03/12 21:41:02,"19,38","55,5",""
2024/03/12 21:51:02,"19,25","55,0",""
2024/03/12 22:01:02,"19,13","55,6",""
2024/03/12 22:11:02,"19,19","61,4",""
2024/03/12 22:21:02,"19,31","62,1",""
2024/03/12 22:31:02,"19,25","61,7",""
2024/03/12 22:41:02,"19,19","59,8",""
2024/03/12 22:51:02,"19,13","58,9",""
2024/03/12 23:01:02,"19,13","58,4",""
2024/03/12 23:11:02,"19,06","57,9",""
2024/03/12 23:21:02,"19,00","57,4",""
2024/03/12 23:31:02,"18,88","57,3",""
2024/03/12 23:41:02,"18,81","57,0",""
2024/03/12 23:51:02,"18,75","56,8",""
2024/03/13 00:01:02,"18,69","56,8",""
2024/03/13 00:11:02,"18,56","55,3",""
2024/03/13 00:21:02,"18,50","55,2",""
2024/03/13 00:31:02,"18,44","55,2",""
2024/03/13 00:41:02,"18,38","55,2",""
2024/03/13 00:51:02,"18,31","55,5",""
2024/03/13 01:01:02,"18,25","55,1",""
2024/03/13 01:11:02,"18,19","55,0",""
2024/03/13 01:21:02,"18,13","54,8",""
2024/03/13 01:31:02,"18,00","54,8",""
2024/03/13 01:41:02,"18,00","55,8",""
2024/03/13 01:51:02,"18,00","55,9",""
2024/03/13 02:01:02,"17,94","56,1",""
2024/03/13 02:11:02,"17,94","56,0",""
2024/03/13 02:21:02,"17,88","54,9",""
2024/03/13 02:31:02,"17,81","55,1",""
2024/03/13 02:41:02,"17,75","55,3",""
2024/03/13 02:51:02,"17,69","54,4",""
2024/03/13 03:01:02,"17,63","54,8",""
2024/03/13 03:11:02,"17,63","55,1",""
2024/03/13 03:21:02,"17,56","54,3",""
2024/03/13 03:31:02,"17,56","54,6",""
2024/03/13 03:41:02,"17,50","54,3",""
2024/03/13 03:51:02,"17,50","54,6",""
2024/03/13 04:01:02,"17,44","55,1",""
2024/03/13 04:11:02,"17,44","54,8",""
2024/03/13 04:21:02,"17,38","55,3",""
2024/03/13 04:31:02,"17,38","55,2",""
2024/03/13 04:41:02,"17,31","55,1",""
2024/03/13 04:51:02,"17,25","54,7",""
2024/03/13 05:01:02,"17,19","54,3",""
2024/03/13 05:11:02,"17,06","54,2",""
2024/03/13 05:21:02,"17,13","56,3",""
2024/03/13 05:31:02,"17,13","56,4",""
2024/03/13 05:41:02,"17,06","55,4",""
2024/03/13 05:51:02,"17,06","55,2",""
2024/03/13 06:01:02,"17,00","54,8",""
2024/03/13 06:11:02,"17,06","54,9",""
2024/03/13 06:21:02,"17,06","54,8",""
2024/03/13 06:31:02,"17,00","54,8",""
2024/03/13 06:41:02,"17,00","55,1",""
2024/03/13 06:51:02,"17,00","54,8",""
2024/03/13 07:01:02,"16,94","55,1",""
2024/03/13 07:11:02,"16,94","55,2",""
2024/03/13 07:21:02,"16,94","55,9",""
2024/03/13 07:31:02,"16,94","56,1",""
2024/03/13 07:41:02,"16,94","56,1",""
2024/03/13 07:51:02,"16,94","56,3",""
2024/03/13 08:01:02,"16,94","55,8",""
2024/03/13 08:11:02,"16,94","55,6",""
2024/03/13 08:21:02,"16,94","55,6",""
2024/03/13 08:31:02,"16,94","55,7",""
2024/03/13 08:41:02,"16,94","55,8",""
2024/03/13 08:51:02,"16,94","55,9",""
2024/03/13 09:01:02,"16,94","56,2",""
2024/03/13 09:11:02,"16,94","56,4",""
2024/03/13 09:21:02,"16,94","56,9",""
2024/03/13 09:31:02,"16,94","57,0",""
2024/03/13 09:41:02,"16,94","56,9",""
2024/03/13 09:51:02,"16,94","57,3",""
2024/03/13 10:01:02,"16,94","57,9",""
2024/03/13 10:11:02,"16,94","58,0",""
2024/03/13 10:21:02,"17,00","58,1",""
2024/03/13 10:31:02,"17,00","58,5",""
2024/03/13 10:41:02,"17,06","58,9",""
2024/03/13 10:51:02,"17,63","59,4",""
2024/03/13 11:01:02,"18,50","57,9",""
2024/03/13 11:11:02,"18,94","58,3",""
2024/03/13 11:21:02,"19,50","60,6",""
2024/03/13 11:31:02,"20,38","61,0",""
2024/03/13 11:41:02,"20,00","60,6",""
2024/03/13 11:51:02,"19,88","60,7",""
2024/03/13 12:01:02,"19,81","60,6",""
2024/03/13 12:11:02,"19,75","60,6",""
2024/03/13 12:21:02,"19,63","60,8",""
2024/03/13 12:31:02,"19,56","61,1",""
2024/03/13 12:41:02,"19,50","60,9",""
2024/03/13 12:51:02,"19,50","61,4",""
2024/03/13 13:01:02,"19,88","60,9",""
2024/03/13 13:11:02,"20,25","60,1",""
2024/03/13 13:21:02,"20,31","62,5",""
2024/03/13 13:31:02,"20,56","63,4",""
2024/03/13 13:41:02,"20,88","61,9",""
2024/03/13 13:51:02,"21,00","61,8",""
2024/03/13 14:01:02,"21,00","63,4",""
2024/03/13 14:11:02,"21,06","63,9",""
2024/03/13 14:21:02,"21,19","63,4",""
2024/03/13 14:31:02,"21,38","62,5",""
2024/03/13 14:41:02,"21,50","61,8",""
2024/03/13 14:51:02,"21,69","61,1",""
2024/03/13 15:01:02,"21,81","60,5",""
2024/03/13 15:11:02,"21,81","60,3",""
2024/03/13 15:21:02,"21,81","60,1",""
2024/03/13 15:31:02,"21,81","60,1",""
2024/03/13 15:41:02,"21,75","60,1",""
2024/03/13 15:51:02,"21,75","60,9",""
2024/03/13 16:01:02,"21,63","62,3",""
2024/03/13 16:11:02,"21,56","62,9",""
2024/03/13 16:21:02,"21,56","63,3",""
2024/03/13 16:31:02,"21,31","60,4",""
2024/03/13 16:41:02,"21,38","62,6",""
2024/03/13 16:51:02,"21,44","63,0",""
2024/03/13 17:01:02,"21,63","62,5",""
2024/03/13 17:11:02,"21,81","61,8",""
2024/03/13 17:21:02,"21,88","61,2",""
2024/03/13 17:31:02,"21,88","61,3",""
2024/03/13 17:41:02,"21,81","61,8",""
2024/03/13 17:51:02,"21,75","61,9",""
2024/03/13 18:01:02,"21,75","61,9",""
2024/03/13 18:11:02,"21,88","61,8",""
2024/03/13 18:21:02,"22,00","61,6",""
2024/03/13 18:31:02,"22,13","61,5",""
2024/03/13 18:41:02,"22,13","61,1",""
2024/03/13 18:51:02,"22,00","60,9",""
2024/03/13 19:01:02,"21,88","60,8",""
2024/03/13 19:11:02,"21,88","60,8",""
2024/03/13 19:21:02,"21,88","60,7",""
2024/03/13 19:31:02,"21,94","60,8",""
2024/03/13 19:41:02,"21,94","60,9",""
2024/03/13 19:51:02,"21,94","60,9",""
2024/03/13 20:01:02,"21,75","60,8",""
2024/03/13 20:11:02,"21,25","57,7",""
2024/03/13 20:21:02,"20,94","58,6",""
2024/03/13 20:31:02,"21,06","59,0",""
2024/03/13 20:41:02,"20,94","58,4",""
2024/03/13 20:51:02,"20,81","58,4",""
2024/03/13 21:01:02,"20,69","58,3",""
2024/03/13 21:11:02,"20,63","58,1",""
2024/03/13 21:21:02,"20,50","58,1",""
2024/03/13 21:31:02,"20,38","57,8",""
2024/03/13 21:41:02,"20,31","57,6",""
2024/03/13 21:51:02,"20,25","57,5",""
2024/03/13 22:01:02,"20,19","57,6",""
2024/03/13 22:11:02,"20,06","57,6",""
2024/03/13 22:21:02,"20,00","57,5",""
2024/03/13 22:31:02,"19,94","57,6",""
2024/03/13 22:41:02,"19,88","57,8",""
2024/03/13 22:51:02,"19,88","57,9",""
2024/03/13 23:01:02,"19,81","59,3",""
2024/03/13 23:11:02,"19,88","59,1",""
2024/03/13 23:21:02,"19,81","58,4",""
2024/03/13 23:31:02,"19,75","58,9",""
2024/03/13 23:41:02,"19,69","58,1",""
2024/03/13 23:51:02,"19,63","57,8",""
2024/03/14 00:01:02,"19,56","57,4",""
2024/03/14 00:11:02,"19,44","57,3",""
2024/03/14 00:21:02,"19,38","57,3",""
2024/03/14 00:31:02,"19,44","57,5",""
2024/03/14 00:41:02,"19,38","57,6",""
2024/03/14 00:51:02,"19,38","57,4",""
2024/03/14 01:01:02,"19,38","57,4",""
2024/03/14 01:11:02,"19,38","57,4",""
2024/03/14 01:21:02,"19,31","57,4",""
2024/03/14 01:31:02,"19,25","57,4",""
2024/03/14 01:41:02,"19,25","57,1",""
2024/03/14 01:51:02,"19,19","57,1",""
2024/03/14 02:01:02,"19,13","57,1",""
2024/03/14 02:11:02,"19,13","57,3",""
2024/03/14 02:21:02,"19,13","57,3",""
2024/03/14 02:31:02,"19,06","57,4",""
2024/03/14 02:41:02,"19,00","57,2",""
2024/03/14 02:51:02,"19,00","57,1",""
2024/03/14 03:01:02,"18,94","57,1",""
2024/03/14 03:11:02,"18,94","57,1",""
2024/03/14 03:21:02,"18,88","56,9",""
2024/03/14 03:31:02,"18,88","57,0",""
2024/03/14 03:41:02,"18,81","57,1",""
2024/03/14 03:51:02,"18,81","57,2",""
2024/03/14 04:01:02,"18,81","57,4",""
2024/03/14 04:11:02,"18,81","57,4",""
2024/03/14 04:21:02,"18,81","57,3",""
2024/03/14 04:31:02,"18,75","57,3",""
2024/03/14 04:41:02,"18,75","57,1",""
2024/03/14 04:51:02,"18,69","56,5",""
2024/03/14 05:01:02,"18,88","62,3",""
2024/03/14 05:11:02,"19,00","61,9",""
2024/03/14 05:21:02,"19,06","63,1",""
2024/03/14 05:31:02,"19,06","61,5",""
2024/03/14 05:41:02,"19,00","59,6",""
2024/03/14 05:51:02,"18,94","58,6",""
2024/03/14 06:01:02,"18,88","59,4",""
2024/03/14 06:11:02,"18,81","57,8",""
2024/03/14 06:21:02,"18,69","56,9",""
2024/03/14 06:31:02,"18,56","56,7",""
2024/03/14 06:41:02,"18,56","56,8",""
2024/03/14 06:51:02,"18,44","56,6",""
2024/03/14 07:01:02,"18,38","56,6",""
2024/03/14 07:11:02,"18,31","56,3",""
2024/03/14 07:21:02,"18,25","56,3",""
2024/03/14 07:31:02,"18,25","56,5",""
2024/03/14 07:41:02,"18,25","57,3",""
2024/03/14 07:51:02,"18,13","57,4",""
2024/03/14 08:01:02,"18,13","57,6",""
2024/03/14 08:11:02,"18,13","57,3",""
2024/03/14 08:21:02,"18,13","57,2",""
2024/03/14 08:31:02,"18,13","57,4",""
2024/03/14 08:41:02,"18,19","57,4",""
2024/03/14 08:51:02,"18,19","58,1",""
2024/03/14 09:01:02,"18,19","58,1",""
2024/03/14 09:11:02,"18,13","57,9",""
2024/03/14 09:21:02,"18,13","58,0",""
2024/03/14 09:31:02,"18,06","59,1",""
2024/03/14 09:41:02,"17,81","61,1",""
2024/03/14 09:51:02,"18,13","63,0",""
2024/03/14 10:01:02,"18,19","61,6",""
2024/03/14 10:11:02,"18,19","61,2",""
2024/03/14 10:21:02,"18,25","61,8",""
2024/03/14 10:31:02,"18,31","62,7",""
2024/03/14 10:41:02,"18,31","62,3",""
2024/03/14 10:51:02,"18,38","62,4",""
2024/03/14 11:01:02,"18,44","62,7",""
2024/03/14 11:11:02,"18,44","62,9",""
2024/03/14 11:21:02,"18,44","63,0",""
2024/03/14 11:31:02,"18,56","65,9",""
2024/03/14 11:41:02,"18,69","64,9",""
2024/03/14 11:51:02,"18,63","63,2",""
2024/03/14 12:01:02,"18,88","63,1",""
2024/03/14 12:11:02,"18,88","64,7",""
2024/03/14 12:21:02,"18,94","65,4",""
2024/03/14 12:31:02,"19,25","65,6",""
2024/03/14 12:41:02,"19,81","64,3",""
2024/03/14 12:51:02,"20,31","62,9",""
2024/03/14 13:01:02,"20,56","62,2",""
2024/03/14 13:11:02,"20,75","62,7",""
2024/03/14 13:21:02,"20,88","62,9",""
2024/03/14 13:31:02,"20,94","63,0",""
2024/03/14 13:41:02,"21,25","62,1",""
2024/03/14 13:51:02,"21,19","62,4",""
2024/03/14 14:01:02,"21,06","62,5",""
2024/03/14 14:11:02,"21,00","62,4",""
2024/03/14 14:21:02,"20,94","62,6",""
2024/03/14 14:31:02,"20,94","62,6",""
2024/03/14 14:41:02,"20,88","62,8",""
2024/03/14 14:51:02,"20,81","63,1",""
2024/03/14 15:01:02,"20,81","63,3",""
2024/03/14 15:11:02,"20,75","63,0",""
2024/03/14 15:21:02,"20,69","63,3",""
2024/03/14 15:31:02,"20,69","63,6",""
2024/03/14 15:41:02,"20,69","63,9",""
2024/03/14 15:51:02,"20,63","63,9",""
2024/03/14 16:01:02,"20,56","64,1",""
2024/03/14 16:11:02,"20,56","64,3",""
2024/03/14 16:21:02,"20,50","64,7",""
2024/03/14 16:31:02,"20,44","64,6",""
2024/03/14 16:41:02,"20,38","64,7",""
2024/03/14 16:51:02,"20,38","64,9",""
2024/03/14 17:01:02,"20,38","65,8",""
2024/03/14 17:11:02,"20,38","65,6",""
2024/03/14 17:21:02,"20,31","65,7",""
2024/03/14 17:31:02,"20,31","65,5",""
2024/03/14 17:41:02,"20,38","66,5",""
2024/03/14 17:51:02,"20,38","68,4",""
2024/03/14 18:01:02,"20,38","69,4",""
2024/03/14 18:11:02,"20,50","71,3",""
2024/03/14 18:21:02,"20,50","71,2",""
2024/03/14 18:31:02,"20,44","71,0",""
2024/03/14 18:41:02,"20,44","71,2",""
2024/03/14 18:51:02,"20,38","71,3",""
2024/03/14 19:01:02,"20,38","71,5",""
2024/03/14 19:11:02,"20,38","71,5",""
2024/03/14 19:21:02,"20,38","71,4",""
2024/03/14 19:31:02,"20,31","71,4",""
2024/03/14 19:41:02,"20,31","71,5",""
2024/03/14 19:51:02,"20,00","62,3",""
2024/03/14 20:01:02,"19,88","63,6",""
2024/03/14 20:11:02,"19,94","64,6",""
2024/03/14 20:21:02,"19,94","64,8",""
2024/03/14 20:31:02,"19,88","63,9",""
2024/03/14 20:41:02,"19,75","60,6",""
2024/03/14 20:51:02,"19,56","58,9",""
2024/03/14 21:01:02,"19,50","58,0",""
2024/03/14 21:11:02,"19,38","57,9",""
2024/03/14 21:21:02,"19,31","58,0",""
2024/03/14 21:31:02,"19,50","62,6",""
2024/03/14 21:41:02,"19,63","63,5",""
2024/03/14 21:51:02,"19,69","63,3",""
2024/03/14 22:01:02,"19,69","63,2",""
2024/03/14 22:11:02,"19,69","63,1",""
2024/03/14 22:21:02,"19,69","62,9",""
2024/03/14 22:31:02,"19,69","62,5",""
2024/03/14 22:41:02,"19,69","62,4",""
2024/03/14 22:51:02,"19,63","62,0",""
2024/03/14 23:01:02,"19,63","61,7",""
2024/03/14 23:11:02,"19,56","60,9",""
2024/03/14 23:21:02,"19,19","57,7",""
2024/03/14 23:31:02,"19,00","57,1",""
2024/03/14 23:41:02,"18,81","57,3",""
2024/03/14 23:51:02,"18,63","56,8",""
2024/03/15 00:01:02,"18,56","56,9",""
2024/03/15 00:11:02,"18,44","56,7",""
2024/03/15 00:21:02,"18,38","56,8",""
2024/03/15 00:31:02,"18,38","57,2",""
2024/03/15 00:41:02,"18,25","57,1",""
2024/03/15 00:51:02,"18,19","57,2",""
2024/03/15 01:01:02,"18,19","57,1",""
2024/03/15 01:11:02,"18,13","57,1",""
2024/03/15 01:21:02,"18,13","57,1",""
2024/03/15 01:31:02,"18,06","57,2",""
2024/03/15 01:41:02,"18,06","57,3",""
2024/03/15 01:51:02,"18,00","57,3",""
2024/03/15 02:01:02,"18,00","57,2",""
2024/03/15 02:11:02,"17,94","57,2",""
2024/03/15 02:21:02,"17,94","57,2",""
2024/03/15 02:31:02,"17,88","57,3",""
2024/03/15 02:41:02,"17,88","57,1",""
2024/03/15 02:51:02,"17,81","57,2",""
2024/03/15 03:01:02,"17,81","57,3",""
2024/03/15 03:11:02,"17,81","57,4",""
2024/03/15 03:21:02,"17,75","57,6",""
2024/03/15 03:31:02,"17,69","57,4",""
2024/03/15 03:41:02,"17,69","57,3",""
2024/03/15 03:51:02,"17,63","57,4",""
2024/03/15 04:01:02,"17,63","57,4",""
2024/03/15 04:11:02,"17,63","57,6",""
2024/03/15 04:21:02,"17,56","57,6",""
2024/03/15 04:31:02,"17,50","57,6",""
2024/03/15 04:41:02,"17,56","58,1",""
2024/03/15 04:51:02,"17,63","57,6",""
2024/03/15 05:01:02,"17,69","57,3",""
2024/03/15 05:11:02,"17,69","57,6",""
2024/03/15 05:21:02,"17,75","59,4",""
2024/03/15 05:31:02,"17,94","59,4",""
2024/03/15 05:41:02,"17,75","58,5",""
2024/03/15 05:51:02,"17,63","58,1",""
2024/03/15 06:01:02,"17,63","58,9",""
2024/03/15 06:11:02,"18,00","60,8",""
2024/03/15 06:21:02,"18,00","59,5",""
2024/03/15 06:31:02,"17,94","58,6",""
2024/03/15 06:41:02,"17,88","58,1",""
2024/03/15 06:51:02,"17,75","57,9",""
2024/03/15 07:01:02,"17,69","57,8",""
2024/03/15 07:11:02,"17,69","57,8",""
2024/03/15 07:21:02,"17,69","57,9",""
2024/03/15 07:31:02,"17,69","57,9",""
2024/03/15 07:41:02,"17,75","58,1",""
2024/03/15 07:51:02,"17,81","58,3",""
2024/03/15 08:01:02,"17,88","58,7",""
2024/03/15 08:11:02,"17,94","59,0",""
2024/03/15 08:21:02,"18,00","58,9",""
2024/03/15 08:31:02,"18,00","58,7",""
2024/03/15 08:41:02,"18,06","58,9",""
2024/03/15 08:51:02,"18,06","58,9",""
2024/03/15 09:01:02,"18,06","59,1",""
2024/03/15 09:11:02,"18,06","59,0",""
2024/03/15 09:21:02,"18,13","59,1",""
2024/03/15 09:31:02,"18,13","59,1",""
2024/03/15 09:41:02,"18,13","59,1",""
2024/03/15 09:51:02,"18,19","59,2",""
2024/03/15 10:01:02,"18,19","59,4",""
2024/03/15 10:11:02,"18,25","59,7",""
2024/03/15 10:21:02,"18,25","59,5",""
2024/03/15 10:31:02,"18,25","59,1",""
2024/03/15 10:41:02,"18,25","59,5",""
2024/03/15 10:51:02,"18,31","59,7",""
2024/03/15 11:01:02,"18,31","60,2",""
2024/03/15 11:11:02,"18,38","59,6",""
2024/03/15 11:21:02,"18,56","62,9",""
2024/03/15 11:31:02,"18,56","61,3",""
2024/03/15 11:41:02,"18,63","61,4",""
2024/03/15 11:51:02,"19,19","61,6",""
2024/03/15 12:01:02,"19,81","60,8",""
2024/03/15 12:11:02,"20,19","60,3",""
2024/03/15 12:21:02,"20,56","60,2",""
2024/03/15 12:31:02,"20,75","60,5",""
2024/03/15 12:41:02,"20,94","61,3",""
2024/03/15 12:51:02,"21,13","61,9",""
2024/03/15 13:01:02,"21,31","62,5",""
2024/03/15 13:11:02,"21,38","63,1",""
2024/03/15 13:21:02,"21,31","63,1",""
2024/03/15 13:31:02,"21,25","63,0",""
2024/03/15 13:41:02,"21,25","62,8",""
2024/03/15 13:51:02,"21,19","62,6",""
2024/03/15 14:01:02,"21,19","62,8",""
2024/03/15 14:11:02,"21,25","63,1",""
2024/03/15 14:21:02,"21,25","60,3",""
2024/03/15 14:31:02,"21,06","58,4",""
2024/03/15 14:41:02,"20,88","57,9",""
2024/03/15 14:51:02,"20,69","57,9",""
2024/03/15 15:01:02,"20,56","57,8",""
2024/03/15 15:11:02,"20,69","61,3",""
2024/03/15 15:21:02,"20,69","61,8",""
2024/03/15 15:31:02,"20,63","60,5",""
2024/03/15 15:41:02,"20,81","60,8",""
2024/03/15 15:51:02,"20,94","61,1",""
2024/03/15 16:01:02,"21,06","61,4",""
2024/03/15 16:11:02,"21,06","61,4",""
2024/03/15 16:21:02,"21,06","61,4",""
2024/03/15 16:31:02,"21,06","62,0",""
2024/03/15 16:41:02,"21,00","63,0",""
2024/03/15 16:51:02,"20,94","63,9",""
2024/03/15 17:01:02,"20,94","64,3",""
2024/03/15 17:11:02,"20,94","64,4",""
2024/03/15 17:21:02,"21,00","64,6",""
2024/03/15 17:31:02,"21,06","64,1",""
2024/03/15 17:41:02,"21,06","64,2",""
2024/03/15 17:51:02,"21,06","64,2",""
2024/03/15 18:01:02,"21,06","64,4",""
2024/03/15 18:11:02,"21,00","64,3",""
2024/03/15 18:21:02,"20,94","64,1",""
2024/03/15 18:31:02,"20,88","64,3",""
2024/03/15 18:41:02,"20,94","67,9",""
2024/03/15 18:51:02,"20,94","68,1",""
2024/03/15 19:01:02,"20,94","68,3",""
2024/03/15 19:11:02,"20,94","68,3",""
2024/03/15 19:21:02,"20,94","68,1",""
2024/03/15 19:31:02,"20,94","68,3",""
2024/03/15 19:41:02,"20,88","68,7",""
2024/03/15 19:51:02,"20,88","69,2",""
2024/03/15 20:01:02,"20,88","69,3",""
2024/03/15 20:11:02,"20,88","69,3",""
2024/03/15 20:21:02,"20,94","69,3",""
2024/03/15 20:31:02,"20,94","68,9",""
2024/03/15 20:41:02,"20,94","68,5",""
2024/03/15 20:51:02,"20,75","66,3",""
2024/03/15 21:01:02,"20,69","65,4",""
2024/03/15 21:11:02,"20,56","63,6",""
2024/03/15 21:21:02,"20,44","62,1",""
2024/03/15 21:31:02,"20,31","60,6",""
2024/03/15 21:41:02,"20,19","59,9",""
2024/03/15 21:51:02,"20,00","59,3",""
2024/03/15 22:01:02,"19,88","59,1",""
2024/03/15 22:11:02,"19,75","59,0",""
2024/03/15 22:21:02,"19,69","59,1",""
2024/03/15 22:31:02,"19,75","62,8",""
2024/03/15 22:41:02,"19,69","60,7",""
2024/03/15 22:51:02,"19,56","60,2",""
2024/03/15 23:01:02,"19,56","59,9",""
2024/03/15 23:11:02,"19,56","60,2",""
2024/03/15 23:21:02,"19,56","60,6",""
2024/03/15 23:31:02,"19,56","60,4",""
2024/03/15 23:41:02,"19,56","60,6",""
2024/03/15 23:51:02,"19,56","60,3",""
2024/03/16 00:01:02,"19,50","60,3",""
2024/03/16 00:11:02,"19,50","60,1",""
2024/03/16 00:21:02,"19,50","60,0",""
2024/03/16 00:31:02,"19,44","59,8",""
2024/03/16 00:41:02,"19,44","59,6",""
2024/03/16 00:51:02,"19,38","59,4",""
2024/03/16 01:01:02,"19,31","59,3",""
2024/03/16 01:11:02,"19,25","59,1",""
2024/03/16 01:21:02,"19,25","59,0",""
2024/03/16 01:31:02,"19,19","58,9",""
2024/03/16 01:41:02,"19,19","58,9",""
2024/03/16 01:51:02,"19,19","58,8",""
2024/03/16 02:01:02,"19,13","58,8",""
2024/03/16 02:11:02,"19,13","58,8",""
2024/03/16 02:21:02,"19,13","58,8",""
2024/03/16 02:31:02,"19,13","58,9",""
2024/03/16 02:41:02,"19,06","59,1",""
2024/03/16 02:51:02,"19,06","59,1",""
2024/03/16 03:01:02,"19,06","59,0",""
2024/03/16 03:11:02,"19,00","58,9",""
2024/03/16 03:21:02,"19,00","58,9",""
2024/03/16 03:31:02,"19,00","58,9",""
2024/03/16 03:41:02,"18,94","58,9",""
2024/03/16 03:51:02,"18,94","58,9",""
2024/03/16 04:01:02,"18,94","58,9",""
2024/03/16 04:11:02,"18,88","58,9",""
2024/03/16 04:21:02,"18,88","59,2",""
2024/03/16 04:31:02,"18,94","60,1",""
2024/03/16 04:41:02,"19,00","60,7",""
2024/03/16 04:51:02,"19,06","63,9",""
2024/03/16 05:01:02,"19,13","64,7",""
2024/03/16 05:11:02,"19,19","65,3",""
2024/03/16 05:21:02,"19,19","64,9",""
2024/03/16 05:31:02,"19,25","65,0",""
2024/03/16 05:41:02,"19,25","65,0",""
2024/03/16 05:51:02,"19,31","64,9",""
2024/03/16 06:01:02,"19,31","64,9",""
2024/03/16 06:11:02,"19,31","64,9",""
2024/03/16 06:21:02,"19,38","64,9",""
2024/03/16 06:31:02,"19,31","62,6",""
2024/03/16 06:41:02,"19,19","61,5",""
2024/03/16 06:51:02,"19,13","60,5",""
2024/03/16 07:01:02,"19,06","59,9",""
2024/03/16 07:11:02,"18,94","59,6",""
2024/03/16 07:21:02,"18,88","59,3",""
2024/03/16 07:31:02,"18,88","59,3",""
2024/03/16 07:41:02,"18,81","59,3",""
2024/03/16 07:51:02,"18,75","59,3",""
2024/03/16 08:01:02,"18,75","59,1",""
2024/03/16 08:11:02,"18,69","59,0",""
2024/03/16 08:21:02,"18,69","59,1",""
2024/03/16 08:31:02,"18,63","59,0",""
2024/03/16 08:41:02,"18,63","59,0",""
2024/03/16 08:51:02,"18,56","59,1",""
2024/03/16 09:01:02,"18,56","59,1",""
2024/03/16 09:11:02,"18,50","59,2",""
2024/03/16 09:21:02,"18,56","59,3",""
2024/03/16 09:31:02,"18,50","59,3",""
2024/03/16 09:41:02,"18,50","59,3",""
2024/03/16 09:51:02,"18,50","59,3",""
2024/03/16 10:01:02,"18,50","59,4",""
2024/03/16 10:11:02,"18,50","59,4",""
2024/03/16 10:21:02,"18,50","59,3",""
2024/03/16 10:31:02,"18,50","59,1",""
2024/03/16 10:41:02,"18,50","59,2",""
2024/03/16 10:51:02,"18,50","59,1",""
2024/03/16 11:01:02,"18,50","59,0",""
2024/03/16 11:11:02,"18,50","59,2",""
2024/03/16 11:21:02,"18,50","59,1",""
2024/03/16 11:31:02,"18,50","58,9",""
2024/03/16 11:41:02,"18,50","58,7",""
2024/03/16 11:51:02,"18,38","59,3",""
2024/03/16 12:01:02,"18,44","60,3",""
2024/03/16 12:11:02,"18,50","58,8",""
2024/03/16 12:21:02,"18,19","58,5",""
2024/03/16 12:31:02,"18,31","59,6",""
2024/03/16 12:41:02,"18,38","60,2",""
2024/03/16 12:51:02,"18,56","62,3",""
2024/03/16 13:01:02,"18,63","63,0",""
2024/03/16 13:11:02,"18,81","65,8",""
2024/03/16 13:21:02,"19,13","66,8",""
2024/03/16 13:31:02,"19,25","66,7",""
2024/03/16 13:41:02,"19,31","66,9",""
2024/03/16 13:51:02,"19,44","66,9",""
2024/03/16 14:01:02,"19,50","66,8",""
2024/03/16 14:11:02,"19,50","66,8",""
2024/03/16 14:21:02,"19,56","66,6",""
2024/03/16 14:31:02,"19,56","66,8",""
2024/03/16 14:41:02,"19,63","66,6",""
2024/03/16 14:51:02,"19,63","66,6",""
2024/03/16 15:01:02,"19,69","66,6",""
2024/03/16 15:11:02,"19,69","66,7",""
2024/03/16 15:21:02,"19,75","66,5",""
2024/03/16 15:31:02,"19,75","66,4",""
2024/03/16 15:41:02,"19,75","66,4",""
2024/03/16 15:51:02,"19,75","66,3",""
2024/03/16 16:01:02,"19,75","66,2",""
2024/03/16 16:11:02,"19,75","66,4",""
2024/03/16 16:21:02,"19,81","66,9",""
2024/03/16 16:31:02,"19,81","67,8",""
2024/03/16 16:41:02,"19,88","67,9",""
2024/03/16 16:51:02,"19,88","67,8",""
2024/03/16 17:01:02,"19,94","67,9",""
2024/03/16 17:11:02,"19,88","67,6",""
2024/03/16 17:21:02,"19,88","67,6",""
2024/03/16 17:31:02,"19,81","67,6",""
2024/03/16 17:41:02,"19,81","67,5",""
2024/03/16 17:51:02,"19,81","67,7",""
2024/03/16 18:01:02,"19,88","67,8",""
2024/03/16 18:11:02,"19,88","67,8",""
2024/03/16 18:21:02,"19,88","67,8",""
2024/03/16 18:31:02,"19,94","67,9",""
2024/03/16 18:41:02,"19,94","68,4",""
2024/03/16 18:51:02,"19,94","68,9",""
2024/03/16 19:01:02,"19,94","69,0",""
2024/03/16 19:11:02,"20,00","68,9",""
2024/03/16 19:21:02,"20,00","69,0",""
2024/03/16 19:31:02,"20,00","69,1",""
2024/03/16 19:41:02,"20,00","69,1",""
2024/03/16 19:51:02,"20,00","69,1",""
2024/03/16 20:01:02,"20,00","69,2",""
2024/03/16 20:11:02,"20,06","69,3",""
2024/03/16 20:21:02,"20,00","69,1",""
2024/03/16 20:31:02,"20,00","69,2",""
2024/03/16 20:41:02,"20,00","69,3",""
2024/03/16 20:51:02,"20,00","69,4",""
2024/03/16 21:01:02,"20,00","69,5",""
2024/03/16 21:11:02,"20,00","69,6",""
2024/03/16 21:21:02,"20,00","69,6",""
2024/03/16 21:31:02,"20,06","69,6",""
2024/03/16 21:41:02,"20,06","69,6",""
2024/03/16 21:51:02,"20,00","69,6",""
2024/03/16 22:01:02,"20,06","69,8",""
2024/03/16 22:11:02,"20,13","70,4",""
2024/03/16 22:21:02,"20,06","70,6",""
2024/03/16 22:31:02,"19,50","55,9",""
2024/03/16 22:41:02,"19,38","54,6",""
2024/03/16 22:51:02,"19,19","53,1",""
2024/03/16 23:01:02,"19,06","51,9",""
2024/03/16 23:11:02,"19,00","51,0",""
2024/03/16 23:21:02,"18,88","50,4",""
2024/03/16 23:31:02,"18,81","50,6",""
2024/03/16 23:41:02,"18,69","49,9",""
2024/03/16 23:51:02,"18,56","49,8",""
2024/03/17 00:01:02,"18,44","49,5",""
2024/03/17 00:11:02,"18,31","49,4",""
2024/03/17 00:21:02,"18,25","49,3",""
2024/03/17 00:31:02,"18,13","49,2",""
2024/03/17 00:41:02,"18,00","49,2",""
2024/03/17 00:51:02,"17,94","49,1",""
2024/03/17 01:01:02,"17,81","48,9",""
2024/03/17 01:11:02,"17,75","49,1",""
2024/03/17 01:21:02,"17,69","48,9",""
2024/03/17 01:31:02,"17,63","48,9",""
2024/03/17 01:41:02,"17,56","48,8",""
2024/03/17 01:51:02,"17,44","48,8",""
2024/03/17 02:01:02,"17,44","48,7",""
2024/03/17 02:11:02,"17,31","48,6",""
2024/03/17 02:21:02,"17,31","48,4",""
2024/03/17 02:31:02,"17,19","48,1",""
2024/03/17 02:41:02,"17,13","48,1",""
2024/03/17 02:51:02,"17,06","47,9",""
2024/03/17 03:01:02,"17,00","47,6",""
2024/03/17 03:11:02,"16,94","47,3",""
2024/03/17 03:21:02,"16,88","47,1",""
2024/03/17 03:31:02,"16,81","47,0",""
2024/03/17 03:41:02,"16,75","46,8",""
2024/03/17 03:51:02,"16,69","46,8",""
2024/03/17 04:01:02,"16,63","46,8",""
2024/03/17 04:11:02,"16,56","46,7",""
2024/03/17 04:21:02,"16,44","46,7",""
2024/03/17 04:31:02,"16,50","48,1",""
2024/03/17 04:41:02,"16,44","47,4",""
2024/03/17 04:51:02,"16,44","46,8",""
2024/03/17 05:01:02,"16,31","46,2",""
2024/03/17 05:11:02,"16,19","46,9",""
2024/03/17 05:21:02,"16,38","49,1",""
2024/03/17 05:31:02,"16,56","50,7",""
2024/03/17 05:41:02,"16,69","51,3",""
2024/03/17 05:51:02,"16,81","52,1",""
2024/03/17 06:01:02,"16,94","52,2",""
2024/03/17 06:11:02,"17,00","52,7",""
2024/03/17 06:21:02,"16,94","48,4",""
2024/03/17 06:31:02,"16,44","45,1",""
2024/03/17 06:41:02,"15,94","44,6",""
2024/03/17 06:51:02,"15,50","44,6",""
2024/03/17 07:01:02,"15,13","45,0",""
2024/03/17 07:11:02,"14,81","45,5",""
2024/03/17 07:21:02,"15,13","49,6",""
2024/03/17 07:31:02,"16,13","50,9",""
2024/03/17 07:41:02,"17,00","51,3",""
2024/03/17 07:51:02,"17,69","51,4",""
2024/03/17 08:01:02,"18,25","51,7",""
2024/03/17 08:11:02,"18,81","52,0",""
2024/03/17 08:21:02,"19,13","52,6",""
2024/03/17 08:31:02,"19,38","52,4",""
2024/03/17 08:41:02,"19,44","52,4",""
2024/03/17 08:51:02,"19,56","52,6",""
2024/03/17 09:01:02,"19,56","53,2",""
2024/03/17 09:11:02,"19,56","53,3",""
2024/03/17 09:21:02,"19,56","53,4",""
2024/03/17 09:31:02,"19,56","53,8",""
2024/03/17 09:41:02,"19,56","54,3",""
2024/03/17 09:51:02,"19,56","54,7",""
2024/03/17 10:01:02,"19,63","55,1",""
2024/03/17 10:11:02,"19,69","55,4",""
2024/03/17 10:21:02,"19,75","55,6",""
2024/03/17 10:31:02,"19,81","55,8",""
2024/03/17 10:41:02,"19,75","55,8",""
2024/03/17 10:51:02,"19,75","56,1",""
2024/03/17 11:01:02,"19,75","56,3",""
2024/03/17 11:11:02,"19,75","56,6",""
2024/03/17 11:21:02,"19,75","56,8",""
2024/03/17 11:31:02,"19,75","56,9",""
2024/03/17 11:41:02,"19,81","57,1",""
2024/03/17 11:51:02,"19,88","57,3",""
2024/03/17 12:01:02,"19,88","57,5",""
2024/03/17 12:11:02,"19,88","57,9",""
2024/03/17 12:21:02,"19,88","58,2",""
