Date,Temperature,Humidity
2022-01-01,-9.307977450605087,84.81125910593472
2022-01-02,-9.903083018897341,80.95514014038446
2022-01-03,-9.074362414140602,86.36983655647526
2022-01-04,-8.153369770699051,84.7696618371455
2022-01-05,-9.862030291453122,86.92703536544586
2022-01-06,-9.810632803318317,79.11280564527179
2022-01-07,-7.943057472771187,88.14827814594705
2022-01-08,-8.697780228441772,84.06971085791055
2022-01-09,-9.874819793911648,87.15377553043086
2022-01-10,-8.800117983411717,82.3202471374548
2022-01-11,-9.740647724100974,86.09587167217562
2022-01-12,-9.674749215006472,82.73054348115592
2022-01-13,-8.896102905072125,83.20051353114445
2022-01-14,-10.977667093771466,89.31689625461931
2022-01-15,-10.712922790787736,84.97509659386718
2022-01-16,-9.471228313898377,85.17047990330863
2022-01-17,-9.840047523950597,86.6601592233528
2022-01-18,-8.428607346187007,85.2056674490387
2022-01-19,-9.563903330810103,85.0827894756922
2022-01-20,-9.978618254099771,85.71923113198234
2022-01-21,-7.008536989175241,88.31109966506418
2022-01-22,-8.605295118455942,84.18740996516081
2022-01-23,-8.214812226485252,84.50960420667256
2022-01-24,-9.607426226908267,86.90502190546935
2022-01-25,-8.624942550110092,86.52352314097101
2022-01-26,-7.865092102898054,86.30660666256978
2022-01-27,-9.020065845098738,85.78749336660773
2022-01-28,-7.384064868726705,81.40602260890239
2022-01-29,-8.248756278376536,87.39124120379046
2022-01-30,-7.825861851470665,81.62024013969796
2022-01-31,-8.019653451586336,84.61509765627125
2022-02-01,-5.447208702789144,81.21505265135585
2022-02-02,-7.1923192194125365,83.46788291652028
2022-02-03,-8.11369749298766,84.7143735671008
2022-02-04,-6.108470728988895,83.69694979539499
2022-02-05,-8.024788554341571,84.85623578564136
2022-02-06,-6.465947059597515,86.46039606791605
2022-02-07,-8.50331992786559,85.15872856696076
2022-02-08,-7.738685914143758,83.38102968649058
2022-02-09,-6.078537704645555,84.9674431888995
2022-02-10,-5.399919130051593,85.07890054287508
2022-02-11,-5.828131139562916,80.45884993950747
2022-02-12,-5.97442815695892,84.18201421817918
2022-02-13,-6.0173711122616,84.41103104075259
2022-02-14,-7.050524913875567,82.9301354502178
2022-02-15,-6.1458719990891,85.82434962616779
2022-02-16,-5.739022691706521,82.5694001717882
2022-02-17,-4.071991484444752,82.28714864916547
2022-02-18,-4.634641749794913,81.97117722632973
2022-02-19,-6.5889064103404955,83.32561130033318
2022-02-20,-4.347892192612692,79.98139592251594
2022-02-21,-4.901716288758049,79.57075637919044
2022-02-22,-5.03680647245257,85.70741336267623
2022-02-23,-3.590096359785173,80.10112548325593
2022-02-24,-3.01134451416313,79.52288755816896
2022-02-25,-2.9503644062014285,77.16840197589329
2022-02-26,-4.55893790349112,81.00154545636656
2022-02-27,-3.865830605915063,79.28673571614253
2022-02-28,-3.061121620920724,84.81459113073309
2022-03-01,-2.251523032695861,83.1453956950332
2022-03-02,-3.539889424287432,80.39364402178826
2022-03-03,-3.07903304976949,86.04438813557337
2022-03-04,-3.8314280275316515,83.879244987749
2022-03-05,-3.7521272640139927,81.22640086498976
2022-03-06,-1.5733797863051695,75.78787846340543
2022-03-07,-0.8588569573093341,85.01131362383616
2022-03-08,-2.115554154270734,78.27863214360818
2022-03-09,-0.8677633330139329,77.14308417259318
2022-03-10,-1.3367672431536937,82.71352448559612
2022-03-11,-2.17003477803124,85.96452220169417
2022-03-12,-0.9894859463164316,83.26328861017925
2022-03-13,0.36168349626145235,80.94697649197398
2022-03-14,-1.0372059811642393,81.7081116739127
2022-03-15,0.7386309931923354,81.33751562096444
2022-03-16,-3.270046948039463,83.15288065359326
2022-03-17,0.3476043044956572,80.38858069569092
2022-03-18,-0.21100546278467147,80.31390493929608
2022-03-19,-0.42062306017420426,80.08512527428805
2022-03-20,0.14672211162806498,78.41870976645261
2022-03-21,-1.755941281743675,80.3166204871383
2022-03-22,0.188660298777899,76.51975622222028
2022-03-23,0.942136559572599,79.33225246662421
2022-03-24,2.239546077407553,76.90304474699438
2022-03-25,0.4198951165223417,77.58287380730728
2022-03-26,0.3060193399232066,80.20677863234535
2022-03-27,0.7888869106071535,82.38956111738563
2022-03-28,2.3819096482706454,80.64567838786931
2022-03-29,1.9708040225001786,75.87359678150357
2022-03-30,1.2874692324216561,77.3770091106485
2022-03-31,2.5052539782086303,80.62891538687212
2022-04-01,2.2633513576719118,76.90334953408743
2022-04-02,3.3086859243964404,77.89639073780774
2022-04-03,1.8111846899540458,80.19451185307209
2022-04-04,2.35815224273169,76.8842349689069
2022-04-05,2.4656128121194363,78.9779446062322
2022-04-06,1.5653929769037793,76.54925252171171
2022-04-07,3.4954461724228256,77.04954162588616
2022-04-08,3.629981002942597,78.82457336681378
2022-04-09,3.542771984866821,75.04262654050325
2022-04-10,3.4708885082652023,79.1455052217882
2022-04-11,2.456957954194352,78.73224542504946
2022-04-12,3.6175242801777676,79.29621776874541
2022-04-13,3.8602360560354554,78.5177102401116
2022-04-14,3.5643468607894575,80.94610742955295
2022-04-15,4.367857416682822,78.06652029695441
2022-04-16,5.094511619569954,76.59393310796452
2022-04-17,6.736716485611353,76.8762367632589
2022-04-18,5.183884327040728,78.49465389455241
2022-04-19,5.424293247234294,77.38557351703426
2022-04-20,5.248348396823188,77.45700918399616
2022-04-21,3.558644778795596,76.81669423498869
2022-04-22,5.604049560903514,75.87217338444634
2022-04-23,5.842422821478904,74.27357804566117
2022-04-24,8.395502054204918,79.30140245927143
2022-04-25,5.888361346994803,74.56809285572002
2022-04-26,6.529084424502625,75.34964739215687
2022-04-27,6.337950331875245,75.39421030292398
2022-04-28,5.347377681782098,79.11615991299783
2022-04-29,7.800499612590391,75.50985083712075
2022-04-30,7.5494177579730275,78.72077526636095
2022-05-01,7.726471373037771,74.78978306499337
2022-05-02,6.1621139195175,77.47693136468885
2022-05-03,8.608425916149741,74.02509293540561
2022-05-04,5.935940663291047,81.32232792390126
2022-05-05,8.05480102189209,73.59740265099492
2022-05-06,9.786506623209311,75.7263881088494
2022-05-07,6.731540001052346,77.90178376133802
2022-05-08,7.279686193881971,77.18775509796201
2022-05-09,8.067389790963455,75.59572978676286
2022-05-10,7.583829453819897,75.94844387362319
2022-05-11,6.653986461477688,76.76062971321937
2022-05-12,8.388302335779406,75.51184482885333
2022-05-13,7.370237049071922,78.24263970905385
2022-05-14,9.016614456229714,79.91273877506785
2022-05-15,7.731727530213131,75.01915266487777
2022-05-16,10.306833696264102,72.10697719270979
2022-05-17,8.07698133144935,75.78494523757281
2022-05-18,8.639066978435732,80.83988518609078
2022-05-19,9.873069577218867,73.4561160754511
2022-05-20,7.92461409092617,79.31592656542504
2022-05-21,9.476339499886766,78.6172318782095
2022-05-22,10.646872264186893,73.56938738449057
2022-05-23,7.820519438931672,77.2277064389047
2022-05-24,9.698308110403364,78.4076391910554
2022-05-25,9.856603006016336,74.31344301501686
2022-05-26,10.458940169717154,74.3633691949367
2022-05-27,8.517892329183613,74.5776920075109
2022-05-28,8.509419146300925,73.7157769654638
2022-05-29,10.424136140779764,73.48937683947811
2022-05-30,10.268764084068582,72.4177374244412
2022-05-31,10.289103850326674,74.92361501135511
2022-06-01,10.449119101520422,73.23549398712251
2022-06-02,9.483916736122902,75.72561345552005
2022-06-03,10.454659591451277,71.6608789118671
2022-06-04,10.571120703881038,75.37620011248839
2022-06-05,9.616501913592744,76.85880696642148
2022-06-06,12.246581414320818,69.88923800769668
2022-06-07,10.901728416910242,75.29724893124003
2022-06-08,9.280803012583911,77.81493647865463
2022-06-09,11.169981805563257,71.99572705983596
2022-06-10,9.577167995758622,78.55656077579609
2022-06-11,11.374445488654656,75.15081527440476
2022-06-12,11.77854826304164,72.70070215696236
2022-06-13,9.82893444041344,74.97399462447787
2022-06-14,11.639721801310309,75.29679292438828
2022-06-15,11.112913783585956,74.59555389103184
2022-06-16,11.543032776920475,75.3059955964325
2022-06-17,12.635653113345375,71.84082625716859
2022-06-18,10.508403334553122,75.08451998079559
2022-06-19,10.012027340756454,72.16655733581182
2022-06-20,9.885259670228196,74.83491804218849
2022-06-21,9.96501163284278,73.20967890064902
2022-06-22,10.70680481053094,73.175537709555
2022-06-23,11.125180320113234,76.90959619036425
2022-06-24,11.057879510159985,76.65368048610856
2022-06-25,11.602573060092748,75.41698971176798
2022-06-26,10.779636609260516,72.42555616602459
2022-06-27,12.208461454354719,73.26295237343302
2022-06-28,10.475615779467299,77.18838751022471
2022-06-29,13.442845286085364,73.56201118423712
2022-06-30,11.32781181262116,78.97475317365281
2022-07-01,9.821527529409163,75.87587191408416
2022-07-02,9.581413788929396,75.59339133851536
2022-07-03,11.105489653268501,73.82902224496074
2022-07-04,10.367365185647925,75.0833992167406
2022-07-05,11.269749871369084,74.06018539155437
2022-07-06,10.99103082911947,75.92070193881744
2022-07-07,10.404143140423427,76.71133306337745
2022-07-08,9.586505654066462,73.63476825195087
2022-07-09,8.871942231248246,72.90156297726031
2022-07-10,9.89094248736953,71.38211801010864
2022-07-11,11.141718088173405,75.44512360973839
2022-07-12,10.44448556602881,72.57102400463785
2022-07-13,8.92695387413254,71.23074187702876
2022-07-14,10.285421163114506,75.63444662750467
2022-07-15,10.434371221305819,79.76881342421268
2022-07-16,9.099296106143669,75.43821012384838
2022-07-17,10.0682853262598,76.64283888577339
2022-07-18,9.901504272679665,75.2129065807553
2022-07-19,8.626411716597515,75.48901483531895
2022-07-20,10.050630216489584,76.81283785773074
2022-07-21,10.174486639012427,74.33220759211649
2022-07-22,10.615035831288964,75.22726671249933
2022-07-23,10.501517902317403,75.39263666123333
2022-07-24,7.983252854905805,74.67219266526101
2022-07-25,8.333805737831307,77.8171818301574
2022-07-26,9.694904594190595,74.80262818951388
2022-07-27,9.59945236544644,73.68878349829109
2022-07-28,9.50409899413198,76.32097019007482
2022-07-29,12.742785479719574,71.83167129655814
2022-07-30,9.359595657052836,75.37656448621183
2022-07-31,9.820601804806945,75.07146110430811
2022-08-01,9.533080879781314,77.4052506917725
2022-08-02,9.12225800307751,76.38826746422114
2022-08-03,8.045163245162408,75.92736445992851
2022-08-04,9.006779627996274,77.13214278440243
2022-08-05,7.360210015755052,79.1003100901571
2022-08-06,7.779323714860238,77.22595875527361
2022-08-07,7.411804124554953,76.31480317740929
2022-08-08,7.858022029853212,73.44731652037308
2022-08-09,9.967778756362037,72.88588329566824
2022-08-10,5.660857186286702,76.55912199814732
2022-08-11,8.087453041026771,74.73724907516805
2022-08-12,5.6596546988454595,76.79623004460638
2022-08-13,6.6697631971261195,76.77841825123116
2022-08-14,8.098157001300503,77.01030700806321
2022-08-15,6.939225225698783,76.38938983103243
2022-08-16,5.661207829353861,78.14239937297548
2022-08-17,5.885966547721436,77.18596555575952
2022-08-18,7.141538055951111,72.4782978393167
2022-08-19,5.590638765208869,75.32600982975806
2022-08-20,6.3949672314141575,76.51434127284968
2022-08-21,6.080065459569227,74.54057778453317
2022-08-22,5.237404010645637,78.5811554546696
2022-08-23,7.886029411590279,79.11848695889226
2022-08-24,6.227700422371648,79.32367349220881
2022-08-25,3.418995303679289,77.86361660629994
2022-08-26,5.479654803552242,80.24162487192378
2022-08-27,4.4792288096991655,78.05772050955463
2022-08-28,5.840062031017346,76.40579704225526
2022-08-29,4.040566820430894,76.75291126270268
2022-08-30,4.5627025678689215,77.11370934308928
2022-08-31,5.025717801709241,76.71078746206292
2022-09-01,5.228765082385813,77.72644990355806
2022-09-02,3.0040287878352503,78.81913356818211
2022-09-03,3.71022358167975,78.15098024946695
2022-09-04,3.409312091046609,79.16922029396939
2022-09-05,3.069642619402826,80.84647123987126
2022-09-06,5.3263715525646536,79.23592249460032
2022-09-07,3.8031248674137017,75.12864162939334
2022-09-08,1.9738150167109645,73.9052502218406
2022-09-09,3.9884964882242633,79.87439157836641
2022-09-10,5.028156032733765,74.75216458680228
2022-09-11,3.773310253135006,77.66381406964713
2022-09-12,1.0558503378145905,77.13184877897397
2022-09-13,1.9249421276454755,75.43356806101723
2022-09-14,3.5096743875177507,79.3280882626507
2022-09-15,1.3683626164267906,80.8341290123919
2022-09-16,2.3528529189078276,77.67055273909266
2022-09-17,2.5164523562618557,73.55968923757925
2022-09-18,0.6475069492158075,78.58375762888714
2022-09-19,1.3474164402182305,80.10989979069598
2022-09-20,-2.0018849251431594,78.04311932502333
2022-09-21,0.04742263992475437,80.34300851959594
2022-09-22,0.651708252192553,79.64352617555774
2022-09-23,-0.5109514030887115,81.41405870074654
2022-09-24,2.2019386815845916,79.13819139603602
2022-09-25,-1.027727249073076,78.56772574277343
2022-09-26,-0.20450158178825523,82.49539379422312
2022-09-27,0.19970508361419215,79.58308831213897
2022-09-28,1.3440029360529238,79.27338945295367
2022-09-29,-1.6989732122515362,78.98295068797937
2022-09-30,0.7346566295538584,78.74610718284005
2022-10-01,-0.5831751130914602,78.52198212849193
2022-10-02,-1.7392726498428863,80.52374420507459
2022-10-03,-0.4594210671449695,83.65312749385717
2022-10-04,-0.8855802275278888,77.69898782790123
2022-10-05,-1.8472773333585866,77.69651587092581
2022-10-06,-1.338934573937659,83.61180794195604
2022-10-07,-1.9549328669320682,80.5588190791623
2022-10-08,-1.6161419183200374,79.46992548184019
2022-10-09,-1.2266771885389645,82.69314796906163
2022-10-10,-0.46099974015980383,79.01926879060616
2022-10-11,-3.4420526084167586,85.37304573130226
2022-10-12,-0.22738820734838638,81.46954584635273
2022-10-13,-4.467610139175392,81.25798225329629
2022-10-14,-2.821277164801782,85.7252550089319
2022-10-15,-2.233966588239443,79.90555344811304
2022-10-16,-2.692859018239117,82.83062025313818
2022-10-17,-3.7468465976703786,82.47200845964818
2022-10-18,-3.481248731636306,84.34410694461575
2022-10-19,-3.913744532041661,85.07989465947453
2022-10-20,-4.15631808790147,82.14216734208227
2022-10-21,-2.8621089068151844,79.92421871271523
2022-10-22,-3.4979568821654494,82.66892272696096
2022-10-23,-4.689603214600121,80.98937086779584
2022-10-24,-3.2372315338979574,85.64539026200222
2022-10-25,-3.9680433383109333,82.25709233132095
2022-10-26,-3.5993234530710065,81.06901862391129
2022-10-27,-3.9176888030592014,82.32820501325942
2022-10-28,-5.50969269371193,80.06059376779658
2022-10-29,-5.3724658490777095,80.74300484751755
2022-10-30,-4.194745072960271,84.49820035236898
2022-10-31,-4.4595492230264195,80.91598605357042
2022-11-01,-5.216789587063357,80.5145728281678
2022-11-02,-5.20257812843959,83.67459456927438
2022-11-03,-4.16426904648508,84.45354283256854
2022-11-04,-6.153507160786288,84.51466020172327
2022-11-05,-5.132776707410631,84.55848372531695
2022-11-06,-5.997905243862914,81.48536244479253
2022-11-07,-6.127096805207759,80.2199270691202
2022-11-08,-4.922171222525503,85.46375291517371
2022-11-09,-5.304859257492197,82.00706995106182
2022-11-10,-5.423854812708714,82.21026137344427
2022-11-11,-5.036702708244041,85.17473963782014
2022-11-12,-6.423690552288933,84.32430529494579
2022-11-13,-5.862918383139462,83.84323473573295
2022-11-14,-6.952948115868042,87.8064787477362
2022-11-15,-6.413927719671811,81.91992739907562
2022-11-16,-6.961222921546513,85.33629171693573
2022-11-17,-6.824613872573153,83.52633318608073
2022-11-18,-6.414498778833864,83.74443394714345
2022-11-19,-7.913411007540312,87.01364235659521
2022-11-20,-5.0857994231977415,83.55857122417811
2022-11-21,-8.26463636281599,85.20891033950726
2022-11-22,-8.550650597506086,86.42033997337265
2022-11-23,-6.253580415960854,82.39688474889465
2022-11-24,-6.692620556447894,81.66789094354594
2022-11-25,-6.9300951868846505,81.37542920540025
2022-11-26,-6.993118965420163,79.56384630395807
2022-11-27,-7.6982571549645264,87.96154283736291
2022-11-28,-8.645086618310174,82.11612657771173
2022-11-29,-7.731105838391589,83.42304567202424
2022-11-30,-8.540387683715274,83.71656724207979
2022-12-01,-6.9416411996731,84.08563399545474
2022-12-02,-8.11455544411965,85.68875214713842
2022-12-03,-8.840918170002595,86.14140606172079
2022-12-04,-8.381899952862312,83.02479509929329
2022-12-05,-7.689831307203021,83.51067222602867
2022-12-06,-8.705877604568585,84.91809870326088
2022-12-07,-9.000892352373937,84.00306392381988
2022-12-08,-7.968620090709128,87.19900119739455
2022-12-09,-7.9980811968911585,84.98099050172208
2022-12-10,-8.777826067445126,85.85866860582219
2022-12-11,-8.76684137882713,85.7091832267484
2022-12-12,-8.085749636592602,86.38982253326695
2022-12-13,-9.784948864691138,85.25451754975298
2022-12-14,-9.760454692893587,82.2865634505351
2022-12-15,-9.084616849506778,85.34168432825867
2022-12-16,-8.589851545025924,82.99221198492931
2022-12-17,-8.072774263138847,82.9791537680699
2022-12-18,-6.91264520804535,84.62905064153286
2022-12-19,-7.531700925830034,86.24241660578228
2022-12-20,-8.547695975007361,84.31639114097581
2022-12-21,-8.402207442900961,84.81876974664841
2022-12-22,-9.378191283532876,88.09352553103692
2022-12-23,-8.383683510758981,84.67334811435663
2022-12-24,-8.640376997337354,89.52355472702946
2022-12-25,-8.012589942565029,85.1373142625456
2022-12-26,-9.14317526130438,81.05006211234056
2022-12-27,-7.7742836736822545,85.39382507905019
2022-12-28,-6.735632459506303,84.13013299951871
2022-12-29,-8.348934151630841,86.75397258398091
2022-12-30,-7.807333360242289,85.25002938266107
2022-12-31,-7.484848489403982,83.46551227673444
2023-01-01,-8.53924540883549,81.82102623183901
2023-01-02,-7.874059569249071,83.51898327005249
2023-01-03,-8.042791884792834,82.32035503397782
2023-01-04,-7.912056861891577,82.79498153133635
2023-01-05,-8.734220033918586,85.5442668258005
2023-01-06,-7.885319005443527,87.28246851142458
2023-01-07,-7.357605330366461,84.46814572482918
2023-01-08,-6.3474046831329725,80.78193621749611
2023-01-09,-6.779407915224823,84.2789092940527
2023-01-10,-5.522828902819459,85.15467742470103
2023-01-11,-8.377910927509895,82.96938965511619
2023-01-12,-6.670032158048869,83.06698174567859
2023-01-13,-7.2880565042331416,83.67340464157496
2023-01-14,-5.207917249229328,81.03416199845019
2023-01-15,-8.12963657696319,85.3613791561693
2023-01-16,-8.081995960171515,83.7991016828702
2023-01-17,-7.759942382393527,84.71903607901082
2023-01-18,-9.200083736425423,82.82505751260851
2023-01-19,-7.514967610302985,82.88256720450467
2023-01-20,-7.658780547651512,85.2741529894813
2023-01-21,-6.65712530495392,82.58289634829343
2023-01-22,-6.371096175525581,86.63947579022961
2023-01-23,-4.7395029252906244,81.5704790914161
2023-01-24,-5.565587535842093,83.23216321942482
2023-01-25,-6.990796814580647,85.36058007103651
2023-01-26,-7.207762697289612,80.76714988277874
2023-01-27,-5.710486429503262,79.33362559079008
2023-01-28,-7.413329427426353,80.655352084573
2023-01-29,-4.149992155936711,84.60016428482271
2023-01-30,-4.688061314289436,81.24031436535982
2023-01-31,-6.220455824794978,88.226626483734
2023-02-01,-7.345954749722292,82.54448217754637
2023-02-02,-4.158282953842523,82.44824408331534
2023-02-03,-5.503859742617711,85.83614977644461
2023-02-04,-4.026532662451956,86.02545210754423
2023-02-05,-6.731705896498249,87.48886010152192
2023-02-06,-5.607519010889376,85.22049196663097
2023-02-07,-4.871739437600966,84.48399477042341
2023-02-08,-4.69685260481392,83.53348020080934
2023-02-09,-5.058797745327256,84.08612102499691
2023-02-10,-3.848869111032838,80.82206312285935
2023-02-11,-5.400453183468813,81.0638288248898
2023-02-12,-4.3344926929253065,82.16049743164075
2023-02-13,-3.929305118293746,81.62428331409701
2023-02-14,-3.3908974227827247,80.78899261273682
2023-02-15,-3.0477462459388356,82.91664801788285
2023-02-16,-4.736359345917935,84.27879009009999
2023-02-17,-4.996561214732623,82.67509437995001
2023-02-18,-2.0339165507981978,83.97201843750963
2023-02-19,-2.826885576331503,79.13006455989874
2023-02-20,-3.753796031897374,81.48957909738925
2023-02-21,-1.2988153661525426,79.21576304187067
2023-02-22,-2.5775431711870853,77.55569835144742
2023-02-23,-1.355808797895548,80.51254302726238
2023-02-24,-2.3081588885823057,80.91058442752458
2023-02-25,-0.1542299337689732,83.10401445336875
2023-02-26,-0.2977128711586108,81.41047980468886
2023-02-27,-2.138915711876255,79.02108420727971
2023-02-28,-0.7541474347032658,84.08525885002001
2023-03-01,-0.915025543566406,82.8995801628339
2023-03-02,-0.02541696224312684,81.17690388805879
2023-03-03,-2.191630867019111,80.6428472358099
2023-03-04,-0.37237492686051743,78.26730898998329
2023-03-05,0.16917051358293267,79.17100119106642
2023-03-06,-2.477978428455815,83.41648645363628
2023-03-07,-1.7316888318792656,84.63501702780886
2023-03-08,-2.4161095437838336,84.29454182843631
2023-03-09,-0.47403639868384834,79.25931935576936
2023-03-10,0.6858056542613009,77.41786230629134
2023-03-11,1.6441086953365789,79.45971814615412
2023-03-12,0.38987989526159633,76.2681813212435
2023-03-13,2.1189291420334415,79.58687085735285
2023-03-14,-0.7148147336025126,80.06220219420392
2023-03-15,-0.8627284353101587,79.49929121391858
2023-03-16,0.9608171238203287,76.33018530355625
2023-03-17,1.5764339157264073,80.23898325527624
2023-03-18,1.335919387549731,78.26663862690131
2023-03-19,-0.5223911430815469,77.92136190012019
2023-03-20,1.632507962246441,73.43922159231347
2023-03-21,0.5938247990190313,79.64805779038922
2023-03-22,2.744671402112116,82.17216749228344
2023-03-23,2.6182889008243677,82.01337397868355
2023-03-24,1.4884389130053481,78.34158803032479
2023-03-25,2.0909650841259624,77.75009333721346
2023-03-26,1.7219660875941092,80.076565468353
2023-03-27,2.8946315235851845,76.55591335983083
2023-03-28,4.088316517736477,78.55942554077069
2023-03-29,2.3229935331716165,80.37066379018357
2023-03-30,3.9879426183732054,80.45989513858201
2023-03-31,3.1283955933895005,78.23549405034534
2023-04-01,3.040067642728193,78.07261867828197
2023-04-02,3.8996772405756603,76.29419620619905
2023-04-03,3.14466212807869,76.77390822788094
2023-04-04,3.798831750648942,77.64762634087248
2023-04-05,3.3265097393294125,79.07147614396764
2023-04-06,6.660299724618954,78.49701939015702
2023-04-07,4.901256113996644,75.94301404164098
2023-04-08,4.335866889436788,80.81744369320064
2023-04-09,5.418305105625249,76.74860024510224
2023-04-10,5.259814258616186,77.32735828199503
2023-04-11,5.318025763378209,75.84656376001524
2023-04-12,6.3190029696532175,71.99201799462752
2023-04-13,6.627124949276196,78.454528318084
2023-04-14,5.502789649067215,78.72229296965126
2023-04-15,5.619991554370818,76.62734910857817
2023-04-16,6.082075732270439,77.09294356831452
2023-04-17,4.2152760863319045,78.92424039224225
2023-04-18,5.1607821186770035,74.29451722688842
2023-04-19,8.20028379062272,74.84175274999605
2023-04-20,8.634428692757304,77.271315012865
2023-04-21,6.895046621204926,74.04389784305904
2023-04-22,7.873787066075164,76.65022233129568
2023-04-23,7.760109432748081,73.40678167437915
2023-04-24,10.677807416841535,75.59395625644628
2023-04-25,8.86696388987717,75.49523509046644
2023-04-26,7.766286157354912,72.88659328951154
2023-04-27,7.08378832764673,78.78758454509097
2023-04-28,6.576276065810725,75.24267881349854
2023-04-29,8.52780710060926,74.1155915756666
2023-04-30,7.707800646668616,76.54723807112758
2023-05-01,7.179852383063716,78.70734850732558
2023-05-02,8.091595156736378,73.92255878367502
2023-05-03,7.790750268265913,76.22798456556298
2023-05-04,10.69160002782256,75.51183298674987
2023-05-05,10.016250351707937,76.37808603867232
2023-05-06,9.25474502274938,75.72551059917976
2023-05-07,10.868687131739726,73.83160075596349
2023-05-08,9.590018897799027,73.54981010980303
2023-05-09,8.773120891214218,75.78572732048565
2023-05-10,11.27709585187242,72.21717405009258
2023-05-11,10.410226602895145,68.95218573156322
2023-05-12,8.949159873313587,76.39853967165854
2023-05-13,9.908868751381085,76.85343530648186
2023-05-14,9.334070438876442,70.60709990947811
2023-05-15,8.935018700149266,73.51302924050549
2023-05-16,11.34974350544487,75.56343676928796
2023-05-17,12.436317930922385,77.89683197396221
2023-05-18,9.229227587488932,75.42697362160635
2023-05-19,11.289188263206434,72.89939998593852
2023-05-20,10.171502504904966,74.54845586533784
2023-05-21,10.428420848184608,77.53554241420407
2023-05-22,10.414002252332264,73.5010705155848
2023-05-23,10.23067857047975,73.28627670145963
2023-05-24,11.228862546482555,73.42008168239465
2023-05-25,10.432436762023542,72.8771244024708
2023-05-26,11.614240790386349,74.43822023679641
2023-05-27,11.371271597279225,77.56372111829951
2023-05-28,11.257594379185457,75.01736135663933
2023-05-29,10.661297579787936,74.16464420585345
2023-05-30,11.06167474693373,73.88554008870204
2023-05-31,12.460668892473219,70.64328393637007
2023-06-01,12.270254746314496,75.63109218113708
2023-06-02,10.853052879569507,74.41779916618964
2023-06-03,11.988404866386166,73.64483773962567
2023-06-04,12.696102020620812,80.03816412537932
2023-06-05,10.328114717164407,75.43344845814917
2023-06-06,12.590833762222665,72.20100101869829
2023-06-07,11.431938403719274,73.43131560572928
2023-06-08,12.709371845046388,75.94220549587033
2023-06-09,11.416835707053576,74.51812296754875
2023-06-10,10.41363423198809,71.91662692737123
2023-06-11,10.62648511369571,76.52521531230255
2023-06-12,12.334704297362284,72.49635968024087
2023-06-13,12.576005927153298,77.45859258885845
2023-06-14,11.438695713628244,76.44074827461517
2023-06-15,13.005391982093498,72.60266021763574
2023-06-16,10.726119221323694,77.19897311280837
2023-06-17,12.339446998710777,73.96598752169942
2023-06-18,11.209441917460202,76.10082639151435
2023-06-19,11.78059406397845,75.07916860259972
2023-06-20,12.488839437836798,72.06286697109987
2023-06-21,11.587075219190934,72.91936272576962
2023-06-22,12.066017642381885,76.02691281397138
2023-06-23,13.456987821177698,72.60195542519807
2023-06-24,11.870963507973483,73.25722131952926
2023-06-25,13.277748589788532,71.45088054640703
2023-06-26,11.303594529391656,75.1954008664911
2023-06-27,12.951398221779352,77.64935072759661
2023-06-28,13.848507900029823,70.94068022147654
2023-06-29,9.917698286035122,75.08958977032796
2023-06-30,11.571915876052346,77.03848317280469
2023-07-01,12.922423879672653,73.37950527767224
2023-07-02,12.115927567614182,74.84677980869238
2023-07-03,12.660829778063292,71.5447980546746
2023-07-04,11.65350945092462,75.02985946895299
2023-07-05,12.30900583141656,73.47120855428263
2023-07-06,12.028782635820512,75.95706867344947
2023-07-07,13.311420781406772,75.71906171242611
2023-07-08,12.354386882102748,79.00193384298585
2023-07-09,12.391058784675979,74.96373695408916
2023-07-10,11.592247139980753,74.85546906317396
2023-07-11,11.464379736444105,74.65657873493262
2023-07-12,11.46450030074565,73.5614172640058
2023-07-13,12.233811461889493,74.56006195597863
2023-07-14,11.357922423109727,73.73023596816708
2023-07-15,12.005495365140062,74.3341742699692
2023-07-16,13.725221007656906,75.77258456738747
2023-07-17,12.452351590412631,71.76073907423441
2023-07-18,11.183938688732491,76.68778777789184
2023-07-19,12.637262603258748,76.31559883305034
2023-07-20,10.951434149786417,74.28814587112463
2023-07-21,9.242244244133005,71.1351680799163
2023-07-22,10.190564943862949,73.68907355387967
2023-07-23,9.243590595923312,77.97219379516056
2023-07-24,10.676075405488254,74.6162261726581
2023-07-25,10.956715823602647,72.52303762360886
2023-07-26,12.522973305923884,72.72896350458163
2023-07-27,11.07926045496506,76.14160982552657
2023-07-28,10.436617445683734,75.8751584135609
2023-07-29,11.386126236915008,73.82907268320311
2023-07-30,8.24423650401845,75.14423292436139
2023-07-31,10.587317389401578,73.92282500721156
2023-08-01,11.016610976841745,72.64687414258212
2023-08-02,8.65894717265854,78.90127779260962
2023-08-03,11.170853199676351,73.76993246173915
2023-08-04,10.252973481664089,77.30783030081895
2023-08-05,9.384413983058488,78.35042511231566
2023-08-06,10.315590854373198,76.83882636910933
2023-08-07,11.83452719685512,73.21949577613636
2023-08-08,9.62468081219205,75.99511977457719
2023-08-09,9.56800744265553,75.1676050658904
2023-08-10,8.735428146004873,73.8248822055373
2023-08-11,8.218015147854134,76.53971098951614
2023-08-12,9.769373053246024,72.75723389105738
2023-08-13,7.952277903673353,78.39921982508645
2023-08-14,8.747439308219198,74.69704575129362
2023-08-15,8.06395442650487,76.37034209849325
2023-08-16,8.884599099696226,76.12427619324417
2023-08-17,8.60159902893502,75.18139053812433
2023-08-18,9.166146917941001,76.59031414398005
2023-08-19,7.4776556647379255,75.31136485438599
2023-08-20,7.5753003732054776,77.95494440831176
2023-08-21,6.7223965705497735,73.94684235423162
2023-08-22,7.111377764842009,76.69707027667181
2023-08-23,7.786052481976472,79.98483175712833
2023-08-24,8.017436683365656,73.99061900910603
2023-08-25,6.188639232825937,75.55019044253733
2023-08-26,7.82947307555514,77.11307916154026
2023-08-27,8.16331979993917,76.27750366390961
2023-08-28,7.067730266111489,77.16739506549138
2023-08-29,8.376550038088327,76.79009924125116
2023-08-30,5.570316476898913,78.48428469867409
2023-08-31,4.942742486084034,79.74802844087043
2023-09-01,4.25095630597808,78.69415916086798
2023-09-02,7.367036173046877,75.83396660423948
2023-09-03,6.365757140541422,78.16226883213474
2023-09-04,5.495339397963776,81.05209417080853
2023-09-05,5.669607144963024,76.89992893475333
2023-09-06,4.1020949316518465,75.9998939248328
2023-09-07,7.510561802736239,78.45888043720582
2023-09-08,5.030586819687903,77.24394426224886
2023-09-09,4.846696002441047,73.23131290675141
2023-09-10,5.29843312628649,79.0456267911576
2023-09-11,4.888520890987239,76.48508318259853
2023-09-12,4.4657709947144015,77.58604793803448
2023-09-13,3.285368411733082,79.02127645527149
2023-09-14,4.380898262133791,78.19055022849123
2023-09-15,5.624723245187272,78.60654201168444
2023-09-16,4.921120203583244,76.66846715706869
2023-09-17,5.001671596138582,78.52537579828288
2023-09-18,2.729888411029372,78.11596243931747
2023-09-19,2.084003642688116,80.43561914043094
2023-09-20,2.7802621614929315,79.84060388727964
2023-09-21,2.794201860214405,76.73202166580361
2023-09-22,3.665134588723328,80.3393969379884
2023-09-23,0.7110338158279854,78.5725562018579
2023-09-24,3.765744363780237,79.73324341467217
2023-09-25,1.9110728969752335,79.77903817831506
2023-09-26,1.4753285016279754,82.93870310277626
2023-09-27,0.7235267977345998,79.191304636389
2023-09-28,-0.08546035821229458,79.34409658686975
2023-09-29,2.2267261895564845,78.8477976934463
2023-09-30,1.3114775112539692,78.73790167870446
2023-10-01,-0.21670240718543443,81.70823500747682
2023-10-02,-0.386176104191885,76.96046683522277
2023-10-03,0.40935742596829805,77.68795644872314
2023-10-04,2.251048268854701,76.73887002241426
2023-10-05,0.16001485910326974,81.82060775439552
2023-10-06,-1.2452129453791176,84.0438332178534
2023-10-07,-0.14869566748958601,79.86544939666985
2023-10-08,-0.3357161666522895,79.83021463694611
2023-10-09,-2.919027839334916,81.59961824589382
2023-10-10,-0.4346447561563016,82.54107898329453
2023-10-11,-0.768504973131921,78.5295462181848
2023-10-12,0.002451449475431855,80.47551224073185
2023-10-13,1.000100421959122,81.45034504858529
2023-10-14,0.12373962644822534,80.94031852665559
2023-10-15,-1.4245058186121833,81.09141614250358
2023-10-16,-2.4137101280491535,83.20894724915887
2023-10-17,1.1158793920667418,74.03559571796815
2023-10-18,-1.547241380597876,82.12937132936075
2023-10-19,-1.7401476388032153,79.56192245314676
2023-10-20,-1.9244117514005952,77.30094008198738
2023-10-21,-1.8469595764016875,81.9458849872508
2023-10-22,-2.3326661133877726,83.91365014701981
2023-10-23,-2.903688959553037,81.17694745052114
2023-10-24,-3.017023683904933,83.41426093635835
2023-10-25,-2.641429462736874,84.54527124734574
2023-10-26,-3.288943676377065,84.27430074535663
2023-10-27,-3.593496760993311,85.07667743923943
2023-10-28,-2.9076007884312944,82.93805537635943
2023-10-29,-3.4005953596349285,81.85116495762065
2023-10-30,-1.771379022834178,77.68175788762275
2023-10-31,-6.05422263018623,82.5349863388332
2023-11-01,-2.4377144745100807,79.53236404662265
2023-11-02,-2.4071536525840767,85.54546226128767
2023-11-03,-5.848657508014987,82.57255712914282
2023-11-04,-4.2379566993641395,82.36538796325104
2023-11-05,-4.384648287909793,83.29529489603583
2023-11-06,-5.536557619480175,82.85548370248499
2023-11-07,-5.020565622904747,85.90038489231388
2023-11-08,-5.464857253311856,81.48712990318703
2023-11-09,-2.7113384963899385,81.74488415866945
2023-11-10,-3.6350193888952247,80.3325685230515
2023-11-11,-3.403959753737545,79.06193485442736
2023-11-12,-4.05635566321179,80.80463964979533
2023-11-13,-6.007256458984989,82.92955463539566
2023-11-14,-5.500534958887695,81.89166303040933
2023-11-15,-4.582052844265668,80.90618446238511
2023-11-16,-6.386541009404107,80.38063557735839
2023-11-17,-4.541944740726817,82.10476122510602
2023-11-18,-5.583314535762246,79.78221651981912
2023-11-19,-5.803344465189771,84.4217841599741
2023-11-20,-4.800560064013044,82.56515953787553
2023-11-21,-5.147689003163581,79.65874150265192
2023-11-22,-6.030761483870768,82.39696258783566
2023-11-23,-4.585694819430007,80.78853459853384
2023-11-24,-6.898679911344061,84.08768897651039
2023-11-25,-5.271612730325875,85.31670725720923
2023-11-26,-5.361696550049393,78.9305033357332
2023-11-27,-6.328890154764936,83.3944972356773
2023-11-28,-5.755032557915557,82.5572506878245
2023-11-29,-7.391357306303953,85.0383588060529
2023-11-30,-5.272532286329595,83.06265939964018
2023-12-01,-6.434996402867174,81.71355953795594
2023-12-02,-6.823554416469885,82.7736693369017
2023-12-03,-5.299745080706528,81.05782082674628
2023-12-04,-7.098191135085412,85.7011098447399
2023-12-05,-7.844557391175538,83.96490199293164
2023-12-06,-8.032115558621847,87.81843915081694
2023-12-07,-5.905995338795199,82.83167604176836
2023-12-08,-7.826069988030657,82.4962214601944
2023-12-09,-4.82158691934885,79.38336467444877
2023-12-10,-8.686145633291051,80.73679346413364
2023-12-11,-4.932680038252103,79.29806813311507
2023-12-12,-6.4401154400809535,83.75431102206343
2023-12-13,-6.766910968397538,84.40090553065863
2023-12-14,-7.231243338659315,80.45324026526539
2023-12-15,-6.3003698472356024,84.94026155177004
2023-12-16,-6.74737242907226,82.40756411116925
2023-12-17,-5.613713280053663,83.10044266399794
2023-12-18,-6.607107109666197,86.52799481134394
2023-12-19,-6.57239212090351,85.07987469218283
2023-12-20,-7.084702990591123,83.0052901994839
2023-12-21,-6.773470192052673,81.60435064519577
2023-12-22,-6.401193483336342,78.89696593900956
2023-12-23,-8.40867210075655,82.76602941189343
2023-12-24,-8.033237113856263,83.59435807927275
2023-12-25,-5.925377742213737,80.9883298168045
2023-12-26,-6.4784122129574495,82.97669217229411
2023-12-27,-6.810946857609439,83.55917719472227
2023-12-28,-6.583270772776822,82.84192342277225
2023-12-29,-6.225925631145646,81.8129576539259
2023-12-30,-7.082138095983924,83.87837839192542
2023-12-31,-7.286630539850741,84.52719656906419
2024-01-01,-6.275513015185305,80.95695835270696
2024-01-02,-7.409858162007854,86.52679384049647
2024-01-03,-5.9804648631934905,82.79305616702823
2024-01-04,-8.045649898011582,84.06052419489549
2024-01-05,-5.26538794607081,84.04912281954851
2024-01-06,-5.77056503062276,83.35171477783838
2024-01-07,-5.932907220631369,84.87272687814217
2024-01-08,-5.149190640315833,83.14884365056156
2024-01-09,-4.406537630180786,80.97839406580952
2024-01-10,-4.994974628646219,83.22049436473532
2024-01-11,-7.784770929286825,81.60493305000209
2024-01-12,-7.155263094838583,83.79475095897233
2024-01-13,-6.4295504210005054,83.14831522921133
2024-01-14,-5.7049624655694995,82.43624751823967
2024-01-15,-5.137012604472249,82.31143127935827
2024-01-16,-6.301351264477537,79.3869775412435
2024-01-17,-5.307116305805761,81.55610833742095
2024-01-18,-6.164904277802271,83.26814194118336
2024-01-19,-5.934063724947506,83.28674464646855
2024-01-20,-6.63964231627937,81.26447087628777
2024-01-21,-6.0640856708743645,85.56345851716658
2024-01-22,-6.397870090252408,81.46658534869721
2024-01-23,-5.924880350817176,84.90135457646207
2024-01-24,-3.795702910753637,82.7522401791202
2024-01-25,-5.69662538108352,81.55585807085416
2024-01-26,-2.010299294437196,84.55577143243762
2024-01-27,-4.042421033462213,79.63393685321815
2024-01-28,-4.241593430044171,83.95910506224209
2024-01-29,-5.173142035305611,84.58773565373876
2024-01-30,-3.500524888935064,80.40902202631425
2024-01-31,-4.66025133226138,85.11505626625934
2024-02-01,-3.844143739319387,81.42197884046179
2024-02-02,-1.2854041230724746,81.22008932009595
2024-02-03,-3.8187131304230766,82.43000024275398
2024-02-04,-2.448408981473075,80.95558700779544
2024-02-05,-4.173787996163103,83.70851054440111
2024-02-06,-3.376465811765899,83.27521034698738
2024-02-07,-1.4395158350169721,77.22269397103213
2024-02-08,-3.704133589699762,84.46074728060618
2024-02-09,-1.1296170491844169,77.23982454852086
2024-02-10,-2.097300441258195,83.11374262931241
2024-02-11,-3.22863286331382,83.86772670531208
2024-02-12,-1.893038802181826,78.76458654066052
2024-02-13,-1.4103796337122483,79.88356124094695
2024-02-14,-1.6168596279576102,78.59702047700694
2024-02-15,-3.6629191772515153,81.40161752804829
2024-02-16,-2.6721877632382682,80.72002531324765
2024-02-17,-2.043299012881839,82.5809705709796
2024-02-18,-1.719360135130087,83.48029755980426
2024-02-19,-0.8718608240937501,83.22729803362678
2024-02-20,-1.1609418277408996,79.45613486071385
2024-02-21,-2.5186450337185002,80.8408787693702
2024-02-22,-0.6463532878073142,76.95630025946176
2024-02-23,-0.25785357000888476,78.51718665201206
2024-02-24,-0.14922025539470818,82.00431339389228
2024-02-25,0.5324695335703284,82.9649308803113
2024-02-26,0.44753510761375537,77.30753470243327
2024-02-27,0.23589518249792146,78.69712389044525
2024-02-28,-0.129217430449602,80.01179720130695
2024-02-29,-1.5546957600008784,81.33767019763965
2024-03-01,0.7022363660237771,78.02967477714482
2024-03-02,0.647646947390771,80.5242986152328
2024-03-03,0.8798191170030832,78.61241174735663
2024-03-04,-0.4993358824202978,80.22076339945359
2024-03-05,-0.13362881577429686,81.15938290389455
2024-03-06,2.1713892007860798,78.92714993922884
2024-03-07,1.2502341467862785,78.50211114555373
2024-03-08,2.1435377998000003,78.70901149224835
2024-03-09,1.6632484412624664,78.9916498609581
2024-03-10,1.8381744494029626,78.34089071553426
2024-03-11,2.9207355874844856,78.02204008092356
2024-03-12,1.6409355349114425,82.37682657355371
2024-03-13,2.4280741682200286,79.90780181177246
2024-03-14,2.0450453820066197,78.38651667293837
2024-03-15,2.248535261951299,80.26964117804582
2024-03-16,2.549863009985127,78.05742951549541
2024-03-17,3.2574145739442035,80.71754198820118
2024-03-18,2.7329690019615187,79.37279988341542
2024-03-19,4.6440507939994164,77.46337031499183
2024-03-20,2.670353663971047,79.56025701963503
2024-03-21,3.554793875787385,75.0808507579693
2024-03-22,3.478626263120011,76.00715193062038
2024-03-23,5.541963250353103,74.84116836202534
2024-03-24,4.468053444640897,78.05185946720697
2024-03-25,5.479690815618362,80.725184591161
2024-03-26,3.1384169144880514,82.89339183514123
2024-03-27,5.066891129771163,78.74265663799594
2024-03-28,5.865017041797264,78.06918042899028
2024-03-29,5.232846758797453,73.78146115229579
2024-03-30,6.390800253493959,75.71925227378499
2024-03-31,4.9823186915568325,75.93327315040511
2024-04-01,7.082721707382464,75.21694394980653
2024-04-02,8.145469240783981,75.59097774243843
2024-04-03,5.656309162223132,76.22766426349418
2024-04-04,5.745551777184155,73.16862449065636
2024-04-05,7.815625735486932,77.58800764449161
2024-04-06,8.112231374422295,73.79839826130925
2024-04-07,6.179399036942772,77.38879420975091
2024-04-08,6.450805044461837,80.92276281726902
2024-04-09,6.757024366113175,74.78271863377057
2024-04-10,5.861211518543822,72.00881919523543
2024-04-11,6.452850989792261,76.20156606134364
2024-04-12,6.53214313914349,78.9358477004254
2024-04-13,6.932159898240281,80.45061495932104
2024-04-14,7.827791574295384,73.62700502394748
2024-04-15,8.25800882862527,76.8643940321604
2024-04-16,9.734364410548233,74.20219688116578
2024-04-17,7.3442858068034305,76.11596038799001
2024-04-18,9.484398588321445,80.54648739987334
2024-04-19,8.442138801697178,72.77298994236111
2024-04-20,8.761285617775538,76.12683651410137
2024-04-21,9.638716261852668,76.11602821260453
2024-04-22,7.992803923308912,78.17517068822424
2024-04-23,9.648003021237015,75.37196479632328
2024-04-24,9.580507853322313,75.82584715234705
2024-04-25,10.053321679510494,74.19004202540117
2024-04-26,9.99516407882164,75.5406718430794
2024-04-27,12.304689192645858,73.16127085268225
2024-04-28,9.353270147157387,76.5665087061334
2024-04-29,9.599821103617767,74.46086877610385
2024-04-30,9.645632232903292,75.93138467135273
2024-05-01,9.849357588485319,75.01679557838739
2024-05-02,9.901577811240458,77.3013115959241
2024-05-03,11.860141590524211,73.96714175756091
2024-05-04,12.221781509415008,70.34304430887875
2024-05-05,10.35863803698319,77.34452398293638
2024-05-06,10.223054086412139,73.0770083550687
2024-05-07,11.65073281320448,72.86710091610011
2024-05-08,10.748848714928176,73.43425305444892
2024-05-09,12.05357025902494,76.72209105682916
2024-05-10,11.740906246728452,69.85819844867838
2024-05-11,10.137328579309479,81.20683277766526
2024-05-12,13.31337929746142,75.4554239694014
2024-05-13,13.672233032023389,73.61036131224662
2024-05-14,11.371696407295882,74.20436379511949
2024-05-15,11.70253106464391,74.71984261739335
2024-05-16,12.479433347843825,74.80252818283675
2024-05-17,12.628918617961764,74.97597186291922
2024-05-18,13.051429965855363,74.58549394907922
2024-05-19,14.49901627945981,72.9296532227806
2024-05-20,12.405265671121922,73.40269032382439
2024-05-21,11.874765598699346,73.7600706333433
2024-05-22,11.382016778811705,73.91917504988879
2024-05-23,12.116077545262474,76.2095014211029
2024-05-24,12.896926572227448,74.738650158448
2024-05-25,14.805008494790965,66.71671848327595
2024-05-26,12.570565074358857,75.0265190158801
2024-05-27,13.386997044357434,73.69597386725883
2024-05-28,13.219105012423446,73.35302998089648
2024-05-29,14.493506017616813,71.97621008501382
2024-05-30,15.89887675918775,74.29878706037816
2024-05-31,12.90513545243646,75.44248519802748
2024-06-01,13.007835348516505,71.95032699009454
2024-06-02,14.59990010469268,73.51415452190274
2024-06-03,14.293273053542,70.91005000414643
2024-06-04,15.51089399068848,69.4853166750779
2024-06-05,14.29806842183536,71.59753133990239
2024-06-06,13.401936738544729,75.02381857549315
2024-06-07,14.396094673812202,74.70820275384607
2024-06-08,14.955465110845667,73.54843828477175
2024-06-09,14.705665180516641,74.09735898343767
2024-06-10,14.427968249352835,73.81837244955351
2024-06-11,15.019960706956725,71.20705645607573
2024-06-12,15.152245682544157,73.2877222480758
2024-06-13,15.391837996436845,73.90490005223695
2024-06-14,14.682176077572432,74.16749462084094
2024-06-15,13.887187869942466,75.43423280797805
2024-06-16,14.218907150458083,74.30715411917309
2024-06-17,15.293633750397683,73.05607953988432
2024-06-18,13.282161167460039,75.49921989290284
2024-06-19,14.476780742059953,72.7085671104719
2024-06-20,13.720816438814191,71.37584247813747
2024-06-21,14.145984676213194,72.60087373400587
2024-06-22,15.395813541237223,70.81228793976848
2024-06-23,14.305621112183202,71.49683289395965
2024-06-24,14.155159692546206,72.63338281229586
2024-06-25,12.74011190973602,72.04510420313207
2024-06-26,14.834514276557957,71.96681980244294
2024-06-27,14.719090127179664,68.85322560250259
2024-06-28,16.219264176134537,72.31695532667861
2024-06-29,13.727699563236486,73.13856116910621
2024-06-30,14.23116874682272,71.25023836445226
2024-07-01,14.235023304034597,74.20097968484751
2024-07-02,15.533803851122125,74.10823834969206
2024-07-03,13.828865771920157,69.87044738530197
2024-07-04,14.168104236380664,71.39049832467724
2024-07-05,14.459023047595798,71.2322037766275
2024-07-06,13.99691450956999,71.12173654299727
2024-07-07,13.320199090917672,74.99885013840466
2024-07-08,13.91421278216575,72.65524133137151
2024-07-09,14.744422522629657,72.09875905606394
2024-07-10,12.592137327772203,69.69620660730038
2024-07-11,13.696694829378815,74.42248864572903
2024-07-12,12.805905171238688,71.11853062467371
2024-07-13,14.6406201995215,72.79955516077192
2024-07-14,11.859200270126541,74.62515374085312
2024-07-15,12.757565028406546,76.34253467747403
2024-07-16,13.625105428712128,70.56980648740571
2024-07-17,14.74215291680134,66.58989922995768
2024-07-18,13.036965086688483,73.84921654616313
2024-07-19,12.470976662781435,77.365534031631
2024-07-20,14.828192515418115,75.06379644816981
2024-07-21,11.417304021030775,74.71066682003386
2024-07-22,10.58224322699575,73.72560601523803
2024-07-23,13.134270006249562,75.04711019014985
2024-07-24,12.102909886727153,72.00145265722749
2024-07-25,11.491969843184554,75.20673061712016
2024-07-26,13.12735619516692,74.44726222074979
2024-07-27,12.566185354930463,75.83732713753253
2024-07-28,11.659308691661456,79.68966573199143
2024-07-29,10.841734081022109,75.36396489384649
2024-07-30,12.890826826239824,72.53665933546509
2024-07-31,12.562613627580106,73.66754456182596
2024-08-01,11.705024221325663,70.60933607955893
2024-08-02,13.540402819183754,71.84037232823
2024-08-03,10.511058974510188,73.9259056365187
2024-08-04,9.940843392701217,73.9814015077802
2024-08-05,10.657567585052336,74.97592595154127
2024-08-06,11.184914989361891,72.76270264055465
2024-08-07,11.352820673122915,76.56565099808748
2024-08-08,10.745217465165531,74.62780539725364
2024-08-09,11.21351110872608,74.37464380335973
2024-08-10,9.482986759795148,74.60271718707659
2024-08-11,12.049468507441702,74.2856471139971
2024-08-12,10.392877217856316,76.45375792040711
2024-08-13,11.459835569254597,72.5358217839509
2024-08-14,10.551003886314358,73.40826507869231
2024-08-15,10.529039159770285,74.12802836256152
2024-08-16,10.504370870546941,72.0560727177801
2024-08-17,10.242982200367083,73.23999318037346
2024-08-18,10.297061490126882,73.89902750784724
2024-08-19,10.840994505297948,76.32828110877648
2024-08-20,9.564348122700217,75.74294859665375
2024-08-21,9.9313414491733,75.42150909814845
2024-08-22,8.985682961311062,77.20895444368041
2024-08-23,10.367231948836443,74.54164044878299
2024-08-24,8.10107892161096,76.7303902390523
2024-08-25,10.427474255026963,74.57981936662152
2024-08-26,8.434190657156543,76.313629370221
2024-08-27,6.890186927436407,75.38938922105862
2024-08-28,8.294525307107717,70.97510302989329
2024-08-29,7.329720685194272,76.06658133303026
2024-08-30,8.694707405050842,78.49814256967446
2024-08-31,7.043719242246635,78.33057118335988
2024-09-01,7.09147509500958,78.38505742167756
2024-09-02,5.4885174199085,79.72800273365819
2024-09-03,6.765284416291821,76.79467297377697
2024-09-04,4.632425858680914,78.07841848547073
2024-09-05,5.310347822131168,76.10952229806571
2024-09-06,7.491891145930376,75.62190871498072
2024-09-07,7.353832463030175,77.55462606802719
2024-09-08,6.829425436287785,78.99305615619375
2024-09-09,5.272357025925252,77.08492893567536
2024-09-10,6.026466969775212,76.08638798540957
2024-09-11,5.904951098011368,77.0485803687075
2024-09-12,4.584144844652517,78.91034107553197
2024-09-13,7.079494873431612,73.57254293101711
2024-09-14,6.2867277059545765,72.26427424074824
2024-09-15,5.021402650265269,76.3882249758842
2024-09-16,5.102037475160383,75.00755641059149
2024-09-17,5.116153562074776,76.425642823668
2024-09-18,2.6985402611890734,78.35516923177052
2024-09-19,4.325538365738649,76.93073399908465
2024-09-20,3.723159366594579,81.04335538564419
2024-09-21,3.235989727024131,79.03549466569257
2024-09-22,3.7890648193235155,78.7064163095599
2024-09-23,5.700547237835812,78.39414066916889
2024-09-24,4.3765903234879,75.53403860269451
2024-09-25,2.997697248459265,80.5793749506109
2024-09-26,3.974880621017593,77.86103111642028
2024-09-27,4.635418416906143,79.02325202602935
2024-09-28,3.994855955174005,75.85885755633268
2024-09-29,2.964456580652406,75.41025417764166
2024-09-30,2.092988381516712,80.58928512529171
2024-10-01,3.273792648151988,79.11592272811905
2024-10-02,2.805294177346843,76.79324980261156
2024-10-03,3.1438866302597064,76.68873052232075
2024-10-04,2.7214446788155104,80.89014722942179
2024-10-05,2.97414938972499,76.13410151940285
2024-10-06,1.2284788517024574,82.6711064806607
2024-10-07,2.9210681353963737,76.73822446300608
2024-10-08,1.6421250749657212,80.4557213137339
2024-10-09,3.3615776496534426,77.66197422367532
2024-10-10,0.4399084056538556,80.98642065933775
2024-10-11,2.7088755544939294,77.55733421852464
2024-10-12,1.0157217771430918,79.16655329928386
2024-10-13,0.01242325995268656,80.0756267208151
2024-10-14,0.027163704554991897,77.98204323615956
2024-10-15,0.039135139164863164,81.46208112125781
2024-10-16,0.6333522018854644,78.6568967661141
2024-10-17,0.5830423400898023,79.25127899927506
2024-10-18,-0.6611102679880735,78.34185638477702
2024-10-19,-0.25797458988490857,75.00431997735183
2024-10-20,1.7638926881089878,78.73599813074516
2024-10-21,1.2059041353035476,84.22227877557407
2024-10-22,-0.22703661633210132,81.6827268839621
2024-10-23,-0.7654945978296738,80.34422653944604
2024-10-24,-0.8219781991359483,79.88520744115144
2024-10-25,-0.46533426584621684,80.2775989185472
2024-10-26,-2.2367768768478857,82.21262666877436
2024-10-27,-1.60474088687987,78.44074481282225
2024-10-28,-3.1475355494249957,83.80241116405024
2024-10-29,-1.209482222144921,82.03550374195494
2024-10-30,-1.0893902154238106,81.98106655912777
2024-10-31,-2.3457411220652498,82.04982203865208
2024-11-01,-0.4125854151250061,80.24552602295047
2024-11-02,-3.3343662719425113,83.0129056079049
2024-11-03,-3.6929773188269435,83.03011692689623
2024-11-04,-2.122088936687364,80.35296304646164
2024-11-05,-1.4152809554835328,79.56043693194796
2024-11-06,-0.8921545771893367,80.64978987911864
2024-11-07,-3.1464990040483007,84.67128980501452
2024-11-08,-1.7182614397155984,78.38091656855
2024-11-09,-2.942539584876727,78.53621926093348
2024-11-10,-3.181475482005857,81.92025942347595
2024-11-11,-2.227701123101687,81.21562596526289
2024-11-12,-2.559215142687673,81.62629090008465
2024-11-13,-4.8857401829255025,82.93077648727976
2024-11-14,-1.9282203891010234,80.5177056852809
2024-11-15,-2.1176551796980436,84.03855446705317
2024-11-16,-4.213839205742067,78.905111645918
2024-11-17,-3.2805189375000356,79.98326541918952
2024-11-18,-3.2678268046907677,81.42740388204729
2024-11-19,-3.584179599725961,78.50571217755464
2024-11-20,-4.475590801828375,81.88608659205005
2024-11-21,-4.674752019323074,85.66031634111758
2024-11-22,-4.1039120271190335,82.09372899015145
2024-11-23,-2.9782208978181317,81.95051226034643
2024-11-24,-3.6772815160090393,79.31831122765935
2024-11-25,-4.658745473437216,81.09664992063965
2024-11-26,-3.580978338135934,81.0400964084201
2024-11-27,-7.2630415341210846,82.99609057354807
2024-11-28,-3.3248113628798794,84.22569327144747
2024-11-29,-6.269606417647928,84.25018533027422
2024-11-30,-4.9458685411606504,80.25001835670626
2024-12-01,-5.753834623910323,83.36992686881918
2024-12-02,-5.976769115597658,83.98482805479239
2024-12-03,-3.566353990497466,84.06347507229127
2024-12-04,-5.237130629457203,85.77964668786535
2024-12-05,-4.46231583670056,80.20096953469454
2024-12-06,-4.892259202353356,80.824414578756
2024-12-07,-4.401933141644586,79.68581085299306
2024-12-08,-4.832892543606293,81.9484065535892
2024-12-09,-6.220541782929233,84.0429876403573
2024-12-10,-3.9662029204283344,83.95777049339237
2024-12-11,-5.478222823778219,82.58720936460406
2024-12-12,-6.560113088520231,82.64036149775043
2024-12-13,-5.447772746149611,83.02740235757229
2024-12-14,-3.532079504286697,80.0957539488833
2024-12-15,-4.1928493178672515,86.27550210232317
2024-12-16,-5.399000629811376,79.48417826066958
2024-12-17,-5.403925795979999,83.07144405578146
2024-12-18,-5.377662266916103,86.73604357191734
2024-12-19,-2.97767612814976,81.50243775319488
2024-12-20,-4.6679224494333855,81.9538831547137
2024-12-21,-4.612286938370664,81.59125262356447
2024-12-22,-4.001553587401418,81.63999343017589
2024-12-23,-4.779595866057369,85.13549488238175
2024-12-24,-5.261017315390489,78.20678483503623
2024-12-25,-5.1789608335037025,85.6563478193445
2024-12-26,-5.031898114004156,79.66803475210179
2024-12-27,-4.97226027568539,81.95282547937386
2024-12-28,-4.17921112620367,81.23111672250452
2024-12-29,-4.823765863200597,83.58898947114174
2024-12-30,-4.109019070566182,78.8582608315156
2024-12-31,-4.885408183724904,83.36704942402633
