Date,Sales,Demand_Index
2022-01-01,1050.6778010065816,1.1826514768494907
2022-01-02,855.4132199652762,1.1491261784792026
2022-01-03,1086.459662387961,1.1887949237186457
2022-01-04,1344.356770791529,1.2330737041403506
2022-01-05,812.5331133651144,1.1417640221667065
2022-01-06,807.9084154982862,1.1409700001529288
2022-01-07,1347.32524323465,1.2335833660761142
2022-01-08,1099.2476745336671,1.1909905186415004
2022-01-09,723.6771873994866,1.1265082015049153
2022-01-10,1022.8385690691898,1.1778717131456817
2022-01-11,716.6475071566744,1.1253012640955233
2022-01-12,711.6097397287671,1.1244363214866793
2022-01-13,919.6291595799329,1.16015151919501
2022-01-14,268.8265316697358,1.0484141413023873
2022-01-15,321.1660327727285,1.057400396677901
2022-01-16,665.8488696004059,1.1165795621268608
2022-01-17,526.6448057299184,1.092679386525493
2022-01-18,920.7949025626547,1.1603516675327699
2022-01-19,550.209848446826,1.0967253076238297
2022-01-20,395.0943755705886,1.0700932759348665
2022-01-21,1254.7227958991334,1.217684298973487
2022-01-22,743.614414540196,1.1299312569561604
2022-01-23,828.0035389397045,1.1444201650807853
2022-01-24,376.79917777105726,1.066952143212783
2022-01-25,637.4702815669953,1.1117071954842574
2022-01-26,830.7083516799653,1.144884558846769
2022-01-27,448.8670641106194,1.0793255976281475
2022-01-28,903.6972425083391,1.1574161420437237
2022-01-29,607.7100907492725,1.1065976191780977
2022-01-30,697.4005915030959,1.1219967293634538
2022-01-31,601.4988788225287,1.105531205945474
2022-02-01,1334.8935323783344,1.231448945110015
2022-02-02,772.4591050090614,1.1348836494956078
2022-02-03,456.5940530752205,1.0806522571234882
2022-02-04,1018.1725818193769,1.177070602089556
2022-02-05,402.76232944925124,1.0714097995988143
2022-02-06,829.3871507732513,1.1446577196813226
2022-02-07,176.64777476336758,1.0325878183092043
2022-02-08,364.02355695259445,1.064758675777365
2022-02-09,819.5798177901232,1.1429738824860527
2022-02-10,980.2166747762901,1.1705538897306196
2022-02-11,808.3572463153506,1.14104706065709
2022-02-12,720.6387409264664,1.1259865256124062
2022-02-13,663.5065437335172,1.1161774043307613
2022-02-14,308.9049707741197,1.0552952746959836
2022-02-15,535.253199763468,1.0941573759126348
2022-02-16,611.8821586831103,1.107313928411227
2022-02-17,1066.201636906038,1.1853167898704455
2022-02-18,851.2668677490495,1.1484142844200957
2022-02-19,218.51232315617847,1.0397756117560326
2022-02-20,844.0204332902617,1.1471701321214245
2022-02-21,630.7705837513508,1.1105569133027045
2022-02-22,542.8490764930091,1.095461524531825
2022-02-23,929.190547220879,1.1617931296283373
2022-02-24,1054.8822295590458,1.183373342130671
2022-02-25,1024.9949626968837,1.1782419479285937
2022-02-26,494.00914004917365,1.0870761151916688
2022-02-27,653.3101042302808,1.1144267607945006
2022-02-28,845.8892100208009,1.1474909854843063
2022-03-01,1039.7479791442433,1.1807749176849207
2022-03-02,604.0452391429833,1.10596839475384
2022-03-03,692.9525672230795,1.121233040729547
2022-03-04,417.7430277478088,1.0739818604281575
2022-03-05,391.9160905835205,1.0695475909369572
2022-03-06,995.8124267740843,1.173231550145257
2022-03-07,1160.346039433644,1.2014805978063192
2022-03-08,733.433755622328,1.128183322814661
2022-03-09,1057.8034524989116,1.1838748917211952
2022-03-10,867.0857881755636,1.1511302609907905
2022-03-11,567.0555921490196,1.0996175811783766
2022-03-12,871.1523692276864,1.1518284590070018
2022-03-13,1226.4329054172279,1.2128271609599728
2022-03-14,756.7088549004242,1.1321794630451885
2022-03-15,1239.4313387771613,1.2150588834485787
2022-03-16,-13.156552074075876,1.0
2022-03-17,1022.2139031752081,1.1777644632267983
2022-03-18,804.781110815011,1.1404330680475643
2022-03-19,692.1364758805083,1.1210929246592838
2022-03-20,812.6865994662872,1.1417903744488769
2022-03-21,192.35547117820784,1.0352846986456645
2022-03-22,726.3405067030258,1.1269654711942279
2022-03-23,903.1399314224825,1.1573204563830741
2022-03-24,1243.2865867980468,1.215720797347671
2022-03-25,648.497570972087,1.1136004890121964
2022-03-26,565.638747646459,1.0993743208060176
2022-03-27,662.0156719560723,1.1159214340933319
2022-03-28,1091.6669330051986,1.1896889686099759
2022-03-29,920.3224473670214,1.16027055092004
2022-03-30,667.5668785408238,1.1168745299188854
2022-03-31,985.4196639881551,1.1714471995403914
2022-04-01,865.6534797160372,1.1508843455861235
2022-04-02,1132.360353348263,1.196675689147994
2022-04-03,636.5329604446964,1.1115462652729193
2022-04-04,754.3771558317195,1.1317791297816175
2022-04-05,740.7145885683891,1.129433381046416
2022-04-06,425.1075102032566,1.0752462805823142
2022-04-07,958.9561226900718,1.1669036304342
2022-04-08,954.537067901393,1.1661449156200998
2022-04-09,883.9966464250701,1.154033714169493
2022-04-10,818.469501890323,1.1427832505156892
2022-04-11,470.75755206689604,1.0830840116543459
2022-04-12,775.8375604484274,1.1354637020890248
2022-04-13,806.0175429783981,1.1406453531274858
2022-04-14,675.0868831377541,1.1181656519263357
2022-04-15,874.4589682066171,1.152396174446066
2022-04-16,1051.26999447866,1.1827531515246341
2022-04-17,1503.2549474091836,1.2603551944812676
2022-04-18,997.2502505284533,1.1734784124800033
2022-04-19,1029.7519101903529,1.1790586760991604
2022-04-20,937.8938886797636,1.163287420695727
2022-04-21,392.4669420637539,1.0696421675372503
2022-04-22,968.1433102821278,1.168480993843196
2022-04-23,1002.2929373098682,1.1743441997007749
2022-04-24,1731.4488190562006,1.2995341771336268
2022-04-25,943.1447535471428,1.1641889503558538
2022-04-26,1099.8172502497898,1.1910883100367737
2022-04-27,1007.5612318221894,1.1752487218854242
2022-04-28,676.1133049007744,1.1183418799738163
2022-04-29,1378.4242442866198,1.238922804922244
2022-04-30,1270.1351806176765,1.2203304767571452
2022-05-01,1290.958335054507,1.2239056385288425
2022-05-02,790.0399917423882,1.1379021409711527
2022-05-03,1493.014349889173,1.2585969693821866
2022-05-04,661.0512381734737,1.1157558488645742
2022-05-05,1267.2031455218053,1.2198270708097019
2022-05-06,1757.9293811683165,1.304080668571487
2022-05-07,813.3839115377099,1.1419100971099299
2022-05-08,950.5112381466042,1.1654537142614225
2022-05-09,1160.2535087856186,1.2014647110665586
2022-05-10,989.37287135633,1.1721259322415853
2022-05-11,685.3720349115276,1.1199315266188203
2022-05-12,1181.3915547821075,1.2050939370901317
2022-05-13,852.4772924836526,1.1486221042416216
2022-05-14,1323.684042991439,1.2295243693663231
2022-05-15,916.3071031444546,1.1595811498397055
2022-05-16,1667.7308697098683,1.2885943371893473
2022-05-17,978.4767871216067,1.1702551655460134
2022-05-18,1127.6205095590537,1.1958618975406559
2022-05-19,1479.162168482847,1.2562186654816538
2022-05-20,876.7954584646639,1.1527973303168468
2022-05-21,1325.3180335693419,1.2298049119069432
2022-05-22,1660.3235443554247,1.2873225612671129
2022-05-23,797.109570760952,1.1391159286672405
2022-05-24,1345.98945133201,1.2333540217584822
2022-05-25,1379.8775646645956,1.2391723278978877
2022-05-26,1547.8394305547813,1.268009978017382
2022-05-27,953.6513187637504,1.1659928398879709
2022-05-28,940.1053228415935,1.1636671054788363
2022-05-29,1504.3900359696586,1.2605500797106508
2022-05-30,1448.5253679675416,1.2509585826089213
2022-05-31,1446.254999495029,1.2505687792966895
2022-06-01,1486.7711865680176,1.2575250703618932
2022-06-02,1190.608894232782,1.2066764773215253
2022-06-03,1476.1196064091976,1.2556962829748761
2022-06-04,1506.2376031748709,1.2608672915751045
2022-06-05,1215.9255414871375,1.2110231342954187
2022-06-06,2001.9187194839637,1.3459716009801193
2022-06-07,1596.329475005721,1.2763353138234819
2022-06-08,1108.8171441088118,1.1926335166754565
2022-06-09,1675.2357504640584,1.2898828625592627
2022-06-10,1197.9570298549304,1.2079380908608786
2022-06-11,1738.6066629132754,1.3007631191655953
2022-06-12,1862.205085287889,1.3219839364080692
2022-06-13,1280.5897083921923,1.2221254318948973
2022-06-14,1827.9955743144878,1.3161104489769704
2022-06-15,1675.0231553846293,1.2898463617590055
2022-06-16,1810.0283426935507,1.3130256253096788
2022-06-17,2144.682343495481,1.3704829233402012
2022-06-18,1514.2723617244983,1.2622467925387355
2022-06-19,1374.019943054896,1.2381666231707007
2022-06-20,1345.5435592444712,1.2332774658096461
2022-06-21,1379.9144487569438,1.2391786605886117
2022-06-22,1613.7866675367911,1.2793325680371783
2022-06-23,1751.5198685760008,1.302980208770126
2022-06-24,1744.433511766797,1.3017635404674572
2022-06-25,1921.8255945046612,1.3322202800901732
2022-06-26,1689.805341361319,1.2923843396799923
2022-06-27,2134.1864143366656,1.36868085993041
2022-06-28,1630.9352829805725,1.2822768421411874
2022-06-29,2538.571414572331,1.4381103884044037
2022-06-30,1922.388861236985,1.3323169882855996
2022-07-01,1489.686519777726,1.2580256087349206
2022-07-02,1437.6857881516903,1.2490975172503345
2022-07-03,1915.7871251921968,1.3311835253222544
2022-07-04,1716.0680396257885,1.2968934257140794
2022-07-05,2009.3356179885934,1.3472450205323179
2022-07-06,1949.0999897246775,1.3369030660452297
2022-07-07,1797.235427801041,1.310829188626129
2022-07-08,1576.9610918873627,1.2730099241417985
2022-07-09,1388.4174038264948,1.2406385469859074
2022-07-10,1720.7442721667153,1.297696295801155
2022-07-11,2123.3979830712674,1.366828576350915
2022-07-12,1942.4360473409458,1.3357589227728264
2022-07-13,1516.1634688819686,1.2625714798494925
2022-07-14,1953.461779963916,1.3376519490142722
2022-07-15,2028.6679756449253,1.3505642249429353
2022-07-16,1659.4213056056356,1.2871676544062443
2022-07-17,1982.140031255221,1.3425757653364743
2022-07-18,1964.8649576368819,1.3396097794196478
2022-07-19,1615.824685371645,1.279682478684737
2022-07-20,2077.2967354683155,1.3589133770203996
2022-07-21,2149.369708332925,1.371287704749649
2022-07-22,2317.1503882576308,1.4000942467515276
2022-07-23,2319.4009307087713,1.4004806461014105
2022-07-24,1600.9072548340773,1.277121280401756
2022-07-25,1743.7285920978575,1.3016425116454238
2022-07-26,2190.3728738332707,1.3783276059452203
2022-07-27,2200.7003055622067,1.380100739753026
2022-07-28,2211.695000970369,1.381988437163808
2022-07-29,3223.528201888683,1.5557117503261395
2022-07-30,2249.413815099617,1.3884644426488426
2022-07-31,2429.162098207031,1.4193257222039317
2022-08-01,2384.9445333097437,1.4117339354677823
2022-08-02,2304.3168762937003,1.3978908398897456
2022-08-03,2024.3761958417208,1.3498273621812673
2022-08-04,2356.605277613695,1.4068683218591322
2022-08-05,1906.9226950549628,1.3296615766736644
2022-08-06,2077.476793045825,1.3589442914032215
2022-08-07,2012.5599867626956,1.3477986177317236
2022-08-08,2192.2707532978898,1.3786534560045751
2022-08-09,2871.5365818868604,1.495277727824609
2022-08-10,1626.2792825348163,1.281477445735942
2022-08-11,2401.5443746639116,1.4145839896421244
2022-08-12,1720.945036324611,1.2977307653309573
2022-08-13,2072.158108824207,1.3580311177261715
2022-08-14,2549.2835313967257,1.4399495694315005
2022-08-15,2250.624311488027,1.388672274772729
2022-08-16,1916.6385875646524,1.331329714303049
2022-08-17,2033.8709127336806,1.3514575258036041
2022-08-18,2460.7182078629385,1.4247436427811204
2022-08-19,2045.9812046504494,1.3535367618211955
2022-08-20,2338.1551724508504,1.4037005928360347
2022-08-21,2294.8883138108285,1.3962720344271495
2022-08-22,2093.6073008017916,1.3617137649170514
2022-08-23,2940.0115023172248,1.5070342999897581
2022-08-24,2494.613868509652,1.4305632447313519
2022-08-25,1704.3731154498441,1.2948855048698302
2022-08-26,2375.19662548968,1.410060301076891
2022-08-27,2127.934447356214,1.3676074493953143
2022-08-28,2589.275005027778,1.4468157715793697
2022-08-29,2102.7269490269114,1.3632795323806066
2022-08-30,2312.8629787750456,1.399358134337424
2022-08-31,2505.442477505267,1.4324224264916956
2022-09-01,2620.19598484132,1.4521246456650974
2022-09-02,2006.7635369440857,1.3468034156903652
2022-09-03,2272.7442114934397,1.3924700769324843
2022-09-04,2236.7114355741646,1.386283550131969
2022-09-05,2189.154304078145,1.3781183876916705
2022-09-06,2920.6043060694433,1.5037022464177896
2022-09-07,2518.1337819703876,1.434601417513172
2022-09-08,2023.9009935847353,1.3497457739210375
2022-09-09,2682.906796421187,1.4628915684631096
2022-09-10,3049.4317126853157,1.5258208365995591
2022-09-11,2727.615212604346,1.4705676302671005
2022-09-12,1967.0091390360112,1.3399779174648707
2022-09-13,2282.347732164159,1.39411892125527
2022-09-14,2812.342115554561,1.4851145321488888
2022-09-15,2224.471443776083,1.3841820457275744
2022-09-16,2574.2740684226037,1.444240236001743
2022-09-17,2677.726648067771,1.4620021802380434
2022-09-18,2171.3175536441336,1.3750559665548332
2022-09-19,2435.451301705652,1.4204055259383228
2022-09-20,1484.6927934181494,1.2571682276098257
2022-09-21,2153.372630534388,1.3719749730726674
2022-09-22,2388.3862565695663,1.412324850617771
2022-09-23,2093.141432883427,1.3616337792848339
2022-09-24,2960.3714693290817,1.5105299363475742
2022-09-25,2044.62950324232,1.3533046859742937
2022-09-26,2344.534743331208,1.404795911895425
2022-09-27,2518.498999646019,1.4346641223390055
2022-09-28,2914.2403885795757,1.502609614914862
2022-09-29,2053.5344876618815,1.3548335974545864
2022-09-30,2835.530506564476,1.4890957852936662
2022-10-01,2491.7934682684695,1.430079005556459
2022-10-02,2196.267492517492,1.3793396627612273
2022-10-03,2631.202527640827,1.4540143771740635
2022-10-04,2553.9961850687637,1.4407586927227212
2022-10-05,2315.7759744831155,1.3998582713809349
2022-10-06,2518.2010139343315,1.4346129606800855
2022-10-07,2382.9429116269007,1.4113902737356654
2022-10-08,2533.726752118908,1.4372786003075138
2022-10-09,2699.30401062724,1.4657068332477823
2022-10-10,2977.322602840186,1.5134403044524491
2022-10-11,2130.8859778375604,1.3681142025376838
2022-10-12,3142.714900290299,1.5418367811231954
2022-10-13,1917.6149116507552,1.3314973409976503
2022-10-14,2458.0051429665104,1.4242778321888172
2022-10-15,2680.199303476499,1.4624267145284018
2022-10-16,2588.0302560034,1.4466020585638506
2022-10-17,2316.8175519783535,1.4000371015411075
2022-10-18,2440.9527168011714,1.4213500729808666
2022-10-19,2355.119520219255,1.4066132297185667
2022-10-20,2325.710398938064,1.4015639291208748
2022-10-21,2756.7713278344595,1.4755734918380798
2022-10-22,2608.2383334041538,1.4500716167435126
2022-10-23,2292.377220874591,1.395840900734219
2022-10-24,2769.121241152079,1.4776938688496832
2022-10-25,2590.2984624742526,1.4469914906784473
2022-10-26,2740.7121362604903,1.4728162627173051
2022-10-27,2684.3660686599305,1.4631421133235571
2022-10-28,2245.28333957359,1.3877552744848942
2022-10-29,2324.3139944757004,1.401324178132771
2022-10-30,2714.826449252462,1.4683719063684164
2022-10-31,2671.904701093804,1.4610026005479768
2022-11-01,2480.5652186817824,1.428151208843085
2022-11-02,2519.964471558485,1.4349157316316723
2022-11-03,2865.8864649578536,1.4943076499187142
2022-11-04,2302.828227401844,1.3976352513032135
2022-11-05,2642.035174655742,1.455874252228609
2022-11-06,2414.7499410009914,1.4168512751336269
2022-11-07,2407.5024350945428,1.4156069388763375
2022-11-08,2799.7380470636544,1.482950518815883
2022-11-09,2714.929110698212,1.4683895324815677
2022-11-10,2708.4592428522633,1.4672787101870428
2022-11-11,2853.0570129145353,1.4921049401114064
2022-11-12,2464.628383978341,1.425414987375466
2022-11-13,2659.735822544329,1.4589133056946688
2022-11-14,2358.803466748109,1.4072457325816123
2022-11-15,2545.779875315133,1.4393480209330691
2022-11-16,2406.048518547751,1.4153573135434852
2022-11-17,2470.668780457638,1.4264520730218406
2022-11-18,2616.514871438068,1.4514926292260648
2022-11-19,2188.8206983004416,1.3780611103647948
2022-11-20,3058.2457652276125,1.5273341358356833
2022-11-21,2124.892782940051,1.367085221008833
2022-11-22,2058.537781872758,1.3556926212998708
2022-11-23,2766.254188712926,1.4772016198818814
2022-11-24,2652.278748309334,1.4576329883049794
2022-11-25,2597.909631082159,1.4482982647854865
2022-11-26,2595.0081162053593,1.4478000989048552
2022-11-27,2398.6005585289536,1.4140785609886255
2022-11-28,2128.810091247557,1.3677577901410185
2022-11-29,2416.383620950856,1.4171317643420058
2022-11-30,2186.095999046117,1.377593302250372
2022-12-01,2677.3314853385036,1.4619343340965012
2022-12-02,2336.180598254715,1.4033615749315755
2022-12-03,2128.104510872964,1.3676366478813404
2022-12-04,2274.749813414212,1.3928144220382241
2022-12-05,2490.4153789937227,1.4298423991331617
2022-12-06,2192.7498887828365,1.3787357195672088
2022-12-07,2110.495848865468,1.3646133876231066
2022-12-08,2425.5287216240927,1.4187019017784093
2022-12-09,2421.1414847225556,1.4179486498298952
2022-12-10,2190.7683767811227,1.3783955104994532
2022-12-11,2196.7130193499715,1.3794161559988192
2022-12-12,2402.7885522699676,1.414797604549888
2022-12-13,1893.875726916363,1.3274215211687612
2022-12-14,1901.1702799236798,1.3286739350204901
2022-12-15,2102.9679852451977,1.3633209162869608
2022-12-16,2249.544938852036,1.3884869555024273
2022-12-17,2401.917721147686,1.4146480901164515
2022-12-18,2746.3097624090487,1.4737773283944238
2022-12-19,2556.0518559326197,1.4411116342479806
2022-12-20,2245.8196563502934,1.3878473555979363
2022-12-21,2283.142324116356,1.394255346059697
2022-12-22,1983.1356234631276,1.3427467002067266
2022-12-23,2273.3915637045834,1.3925812219026246
2022-12-24,2187.405358682158,1.3778181083685024
2022-12-25,2365.8848855623205,1.4084615530717666
2022-12-26,2015.9778671398587,1.3483854392578154
2022-12-27,2415.0429438621895,1.4169015812787178
2022-12-28,2714.169046361698,1.468259035780495
2022-12-29,2216.84678622675,1.3828729556819066
2022-12-30,2365.1374074206974,1.408333217315279
2022-12-31,2446.8402699473563,1.4223609167029803
2023-01-01,2114.630746870794,1.365323315089829
2023-01-02,2297.45358819309,1.3967124706220209
2023-01-03,2229.2641545256247,1.3850049141506342
2023-01-04,2250.083976767104,1.3885795038122088
2023-01-05,1984.2095239588084,1.342931079956222
2023-01-06,2218.8358881940567,1.3832144678833886
2023-01-07,2356.294219289401,1.4068149157417662
2023-01-08,2637.69367145964,1.4551288523755037
2023-01-09,2485.6340843388675,1.4290214907582508
2023-01-10,2839.3586265802005,1.4897530415407543
2023-01-11,1958.8018794673314,1.3385687995164182
2023-01-12,2446.358190149381,1.4222781476263806
2023-01-13,2235.3764131649614,1.386054337929936
2023-01-14,2833.08481836571,1.4886758810481184
2023-01-15,1929.4852302534262,1.3335353756006627
2023-01-16,1915.9519090517979,1.3312118173352263
2023-01-17,1984.0096815303723,1.342896768679673
2023-01-18,1522.6853188244638,1.2636912270360146
2023-01-19,1998.2238979322938,1.345337230966448
2023-01-20,1924.3790208384003,1.3326586820740283
2023-01-21,2193.4796344988627,1.3788610108142632
2023-01-22,2247.207430752638,1.388085624876784
2023-01-23,2703.9296626314267,1.4665010190789785
2023-01-24,2422.684118424243,1.418213507157575
2023-01-25,1961.0473355591623,1.3389543255808716
2023-01-26,1861.2405066958313,1.3218183263167365
2023-01-27,2275.0742221225955,1.3928701203050808
2023-01-28,1728.251208231778,1.2989851740507885
2023-01-29,2670.6726608145536,1.4607910695178954
2023-01-30,2472.0740859907983,1.4266933522494885
2023-01-31,1974.59150019327,1.341279745573137
2023-02-01,1598.6030516317232,1.2767256679488843
2023-02-02,2516.0033180133987,1.4342356346382426
2023-02-03,2072.8787115195387,1.3581548391929046
2023-02-04,2476.087335113792,1.4273823936187175
2023-02-05,1624.0204601355808,1.2810896247880976
2023-02-06,1920.2488987190259,1.3319495745870515
2023-02-07,2099.4552551760885,1.362717809860628
2023-02-08,2109.9068830848796,1.3645122671156453
2023-02-09,1958.8351389189468,1.338574509886589
2023-02-10,2278.8650138152498,1.3935209675907385
2023-02-11,1769.9939664769145,1.3061520571460434
2023-02-12,2045.952713469884,1.353531870123355
2023-02-13,2123.2596752572067,1.3668048300539235
2023-02-14,2240.1265514353063,1.38686989701374
2023-02-15,2298.024259041881,1.3968104500424303
2023-02-16,1746.0144957530192,1.3020349822188189
2023-02-17,1622.1640511530097,1.2807708948642882
2023-02-18,2464.8177607813977,1.4254475017915114
2023-02-19,2180.451906692209,1.3766242587137243
2023-02-20,1855.5826148381902,1.3208469135205054
2023-02-21,2544.9741938663356,1.4392096921546582
2023-02-22,2113.9614002059875,1.3652083938556188
2023-02-23,2432.8101491211,1.4199520620895985
2023-02-24,2099.1712505666264,1.3626690486402369
2023-02-25,2697.168637759954,1.4653402075539375
2023-02-26,2605.70998308226,1.4496375201015406
2023-02-27,2004.7179057752564,1.346452197896924
2023-02-28,2371.3147992193717,1.4093938239142654
2023-03-01,2274.030559216413,1.3926909320972594
2023-03-02,2491.7203110896085,1.4300664450796117
2023-03-03,1792.5065553815266,1.3100172807113717
2023-03-04,2288.7922912824824,1.3952253982525553
2023-03-05,2401.6387571959317,1.414600194334906
2023-03-06,1557.766167462224,1.2697143158695958
2023-03-07,1731.8298103959974,1.2995995901659088
2023-03-08,1476.6004721017316,1.2557788435997077
2023-03-09,2009.2548661312703,1.347231156112584
2023-03-10,2307.1909907333957,1.3983843013440824
2023-03-11,2544.6319674926985,1.439150934743431
2023-03-12,2118.295455034428,1.3659525148861804
2023-03-13,2586.939932482158,1.4464148591179764
2023-03-14,1686.7595625022755,1.2918614048780186
2023-03-15,1592.3568435597463,1.2756532461702945
2023-03-16,2089.436002817195,1.3609975878777787
2023-03-17,2224.1961198777667,1.3841347749128148
2023-03-18,2102.1918992486644,1.363187668800622
2023-03-19,1494.9393843416392,1.2589274817262472
2023-03-20,2091.755687985133,1.3613958584548878
2023-03-21,1730.618628740353,1.2993916403873593
2023-03-22,2326.477171036624,1.4016955774886903
2023-03-23,2239.318967131346,1.386731241530984
2023-03-24,1851.2877708107187,1.3201095246571128
2023-03-25,1983.1518945865064,1.3427494938227689
2023-03-26,1823.7561052810631,1.3153825675377497
2023-03-27,2127.0723891828147,1.3674594412039585
2023-03-28,2436.922327178281,1.420658088730905
2023-03-29,1859.3126339017858,1.3214873266531229
2023-03-30,2311.042227659622,1.3990455265717088
2023-03-31,2005.6954818757492,1.3466200395519436
2023-04-01,1932.0016985662548,1.333967432200877
2023-04-02,2142.9910815353624,1.370192547781393
2023-04-03,1869.9095252154232,1.3233067244219996
2023-04-04,2019.9143415402286,1.349061299048135
2023-04-05,1832.3170000647149,1.3168524017002385
2023-04-06,2786.9128678511424,1.480748542617952
2023-04-07,2214.0324384955507,1.3823897556724476
2023-04-08,1999.636167182984,1.3455797058062582
2023-04-09,2279.989915985932,1.3937141039020369
2023-04-10,2188.480560328951,1.3780027115147808
2023-04-11,2162.4112281553867,1.3735268248241574
2023-04-12,2419.614500624396,1.417686479408488
2023-04-13,2469.417544283954,1.4262372462169446
2023-04-14,2089.9530529544145,1.3610863610696717
2023-04-15,2083.4325428463494,1.3599668439215358
2023-04-16,2180.8725616221386,1.376696481653295
2023-04-17,1580.156160958683,1.2735584908268494
2023-04-18,1823.6529213526692,1.3153648517186904
2023-04-19,2695.882406540214,1.4651193723917948
2023-04-20,2787.051310793332,1.4807723121153153
2023-04-21,2226.7208281198864,1.3845682462400961
2023-04-22,2482.3978951669565,1.4284658640952255
2023-04-23,2410.932254023954,1.4161958101521797
2023-04-24,3249.4737611805194,1.5601663862463058
2023-04-25,2670.0588497451854,1.4606856832817752
2023-04-26,2304.3111034388094,1.3978898487387563
2023-04-27,2064.645963886968,1.3567413451566726
2023-04-28,1878.1161534426958,1.3247157339744033
2023-04-29,2429.9498240256135,1.4194609681505397
2023-04-30,2150.9833805596863,1.3715647587990087
2023-05-01,1960.3059713956236,1.3388270395433777
2023-05-02,2202.217696241385,1.3803612630644861
2023-05-03,2081.0449888573585,1.3595569208344647
2023-05-04,2921.0823808662603,1.5037843278691267
2023-05-05,2688.9712777998925,1.4639327892856362
2023-05-06,2431.7342343636706,1.419767336508177
2023-05-07,2887.8613840772573,1.4980805600707359
2023-05-08,2476.9443826550546,1.4275295415263674
2023-05-09,2205.3061721941804,1.3808915286009944
2023-05-10,2930.68612410542,1.5054332104050556
2023-05-11,2645.5774106700987,1.4564824245794061
2023-05-12,2182.982149375696,1.3770586802583833
2023-05-13,2447.4001365097347,1.4224570411176138
2023-05-14,2252.254171118791,1.388952108064213
2023-05-15,2110.627787458628,1.3646360403780438
2023-05-16,2813.937145797432,1.4853883855252499
2023-05-17,3119.61110029685,1.5378700515497252
2023-05-18,2138.002025608347,1.369335968530577
2023-05-19,2737.3311076124505,1.472235768325442
2023-05-20,2384.1953159916357,1.411605301109212
2023-05-21,2444.2757713920273,1.4219206137111162
2023-05-22,2423.7958741323687,1.4184043863310074
2023-05-23,2353.490643558709,1.4063335651948625
2023-05-24,2638.4891154891,1.4552654234744828
2023-05-25,2385.961024800091,1.4119084585703492
2023-05-26,2727.7629500888725,1.4705929955597858
2023-05-27,2642.998432525767,1.4560396355629952
2023-05-28,2597.891226040287,1.4482951047934542
2023-05-29,2408.871801005443,1.4158420475708904
2023-05-30,2519.731900160419,1.4348758010642804
2023-05-31,2931.057845472326,1.5054970318603837
2023-06-01,2866.4452133395725,1.494403582351064
2023-06-02,2434.683070600097,1.420273627071187
2023-06-03,2769.576522222998,1.4777720368085805
2023-06-04,2977.065331530136,1.5133961331163803
2023-06-05,2262.7427158919695,1.3907529036366397
2023-06-06,2938.5277571878505,1.5067795533383048
2023-06-07,2588.7258043817637,1.4467214784135298
2023-06-08,2970.721127180888,1.5123068861951188
2023-06-09,2582.625254244487,1.4456740648862816
2023-06-10,2282.2302340571046,1.3940987478112388
2023-06-11,2347.551883758924,1.4053139297178319
2023-06-12,2862.3852289174156,1.493706516921145
2023-06-13,2938.0444877474833,1.5066965800100383
2023-06-14,2601.021081343202,1.4488324748189165
2023-06-15,3076.099948270225,1.5303995500058787
2023-06-16,2398.287609347849,1.4140248302269312
2023-06-17,2889.153842438435,1.498302464381075
2023-06-18,2557.9172699299556,1.4414319102576454
2023-06-19,2737.9232933548287,1.47233744167346
2023-06-20,2959.9508228603854,1.5104577148607268
2023-06-21,2699.866857994723,1.4658034694417668
2023-06-22,2854.883850425408,1.492418592860407
2023-06-23,3284.395452228673,1.566162149050502
2023-06-24,2821.69204444418,1.4867198368800072
2023-06-25,3257.71158674673,1.5615807521213498
2023-06-26,2680.3260507339946,1.4624484759743461
2023-06-27,3190.400777897389,1.550024048195909
2023-06-28,3476.136252482663,1.5990824436784
2023-06-29,2314.3606478905913,1.3996152716210566
2023-06-30,2828.9534135996737,1.4879665533414184
2023-07-01,3253.2887581901064,1.5608213893827996
2023-07-02,3031.3732550904597,1.5227203501941589
2023-07-03,3215.722495963967,1.554371575785927
2023-07-04,2935.244652542131,1.506215871680107
2023-07-05,3154.4457393361695,1.5438508682507706
2023-07-06,3093.7588650683233,1.5334314385920997
2023-07-07,3502.7520534293785,1.6036521544950997
2023-07-08,3240.6587936315814,1.5586529299111804
2023-07-09,3277.4857031881484,1.5649758028272798
2023-07-10,3064.469001283414,1.528402613510881
2023-07-11,3053.529810885811,1.5265244458470206
2023-07-12,3081.7738010893313,1.5313737031659413
2023-07-13,3341.554078542387,1.5759758079915347
2023-07-14,3108.5454912958157,1.5359701788670796
2023-07-15,3333.3385521285313,1.5745652706947824
2023-07-16,3880.5321093929406,1.6685138361527856
2023-07-17,3530.693243834404,1.6084494236165865
2023-07-18,3182.9286157860633,1.5487411403438172
2023-07-19,3652.4132847033484,1.629347738436476
2023-07-20,3180.871248790698,1.548387907606938
2023-07-21,2703.030323202431,1.4663466100072848
2023-07-22,3023.1424553631596,1.5213071905969997
2023-07-23,2775.356072123877,1.4787643372751558
2023-07-24,3242.0873533421454,1.5588982016869477
2023-07-25,3363.9349511625933,1.5798184169704828
2023-07-26,3872.126820686591,1.66707071825467
2023-07-27,3477.9760657511265,1.5993983242566487
2023-07-28,3324.7838697692296,1.5730965031536892
2023-07-29,3649.863762380646,1.6289100067387228
2023-07-30,2748.139402522634,1.4740914623269121
2023-07-31,3492.510106918754,1.6018936977855924
2023-08-01,3663.336895761206,1.6312232312577686
2023-08-02,2998.656960501342,1.517103235549909
2023-08-03,3795.416515529236,1.6539001992861933
2023-08-04,3563.796767047372,1.6141330221827175
2023-08-05,3347.517218579327,1.5769996293517432
2023-08-06,3671.690268233047,1.6326574355718493
2023-08-07,4172.710241786079,1.718678382193429
2023-08-08,3555.6017213328746,1.6127260012510587
2023-08-09,3584.9385211082413,1.6177628848499872
2023-08-10,3381.9839037836005,1.582917271451227
2023-08-11,3274.0463400454537,1.564385292889698
2023-08-12,3787.1938759781137,1.652488440723157
2023-08-13,3290.2458541217097,1.5671666142126126
2023-08-14,3577.4015568056675,1.6164688510026681
2023-08-15,3421.3764050631867,1.5896806350469561
2023-08-16,3716.9893020006957,1.640434901484241
2023-08-17,3681.8939904310887,1.6344093294860074
2023-08-18,3901.434199793239,1.672102550570402
2023-08-19,3445.4196078424993,1.5938086522360195
2023-08-20,3525.5884483215796,1.6075729728451558
2023-08-21,3320.920980438325,1.5724332773054615
2023-08-22,3489.1327603940367,1.601313835583563
2023-08-23,3743.351756766416,1.6449611148767613
2023-08-24,3864.868080141188,1.6658244531036661
2023-08-25,3368.599627527172,1.5806193029585578
2023-08-26,3913.4754404238834,1.6741699310586504
2023-08-27,4066.495077761549,1.700442125283026
2023-08-28,3790.9088088893545,1.6531262636893644
2023-08-29,4236.855247657474,1.7296915441777192
2023-08-30,3448.480484817377,1.5943341792584333
2023-08-31,3313.8832161510386,1.5712249519331238
2023-09-01,3160.1866852523335,1.5448365407354614
2023-09-02,4148.999085840907,1.7146073746736468
2023-09-03,3902.737612485275,1.6723263356478957
2023-09-04,3695.8529609826487,1.6368059681912324
2023-09-05,3802.4769950795376,1.6551124246795488
2023-09-06,3386.654653128934,1.5837192001193965
2023-09-07,4463.698195900482,1.7686385845599886
2023-09-08,3774.26586781115,1.6502688096522293
2023-09-09,3773.6999840195554,1.650171652129575
2023-09-10,3963.8481740844663,1.6828185088841439
2023-09-11,3895.5117372933496,1.671085713203703
2023-09-12,3823.3186694392884,1.6586907661673949
2023-09-13,3523.8089507237746,1.607267447964005
2023-09-14,3907.0426112727064,1.6730654679987949
2023-09-15,4334.712965737561,1.7464928973928036
2023-09-16,4178.087587158561,1.7196016275003414
2023-09-17,4256.625753364122,1.7330859749506335
2023-09-18,3629.3653255215363,1.6253905962641686
2023-09-19,3489.760795779951,1.6014216640160803
2023-09-20,3752.6702527423104,1.6465610228390153
2023-09-21,3810.7397299546165,1.6565310672749665
2023-09-22,4125.7474908621325,1.7106152699350838
2023-09-23,3293.0703318917695,1.567651553465172
2023-09-24,4262.846507321108,1.734154026470187
2023-09-25,3759.602880390146,1.6477512971281074
2023-09-26,3681.8171016894103,1.634396128330978
2023-09-27,3508.978847215474,1.6047212430028868
2023-09-28,3318.7347336333432,1.5720579169812425
2023-09-29,4064.5776415376213,1.7001129174913705
2023-09-30,3841.910104407843,1.6618827603382207
2023-10-01,3435.068613373611,1.592031472902481
2023-10-02,3435.529789546126,1.592110653001106
2023-10-03,3725.1694089081407,1.6418393575474477
2023-10-04,4328.318067316874,1.745394946722703
2023-10-05,3751.2969655550055,1.6463252408940412
2023-10-06,3379.6508358352266,1.5825167031624452
2023-10-07,3758.147404792979,1.6475014041193217
2023-10-08,3751.187810952565,1.646306499960095
2023-10-09,3024.9321487217876,1.521614466005163
2023-10-10,3818.5624313745698,1.657874159799822
2023-10-11,3766.283601756345,1.648898321211718
2023-10-12,4045.0001306707777,1.6967516223212051
2023-10-13,4391.261413324442,1.7562017937406045
2023-10-14,4174.843513674846,1.7190446471668026
2023-10-15,3756.3708676980104,1.6471963875317917
2023-10-16,3505.108256393722,1.6040566948729773
2023-10-17,4608.968682232823,1.7935803142516544
2023-10-18,3854.4882554460332,1.6640423238609707
2023-10-19,3840.531921524122,1.6616461378430443
2023-10-20,3828.6156332216597,1.6596002106263623
2023-10-21,3894.649460291842,1.6709376674413878
2023-10-22,3791.15889737079,1.653169201793727
2023-10-23,3661.4848307220495,1.6309052471527774
2023-10-24,3668.5169294833195,1.632112599801597
2023-10-25,3821.6159584798033,1.6583984249109793
2023-10-26,3667.159402602006,1.6318795237695847
2023-10-27,3614.957014613031,1.6229168095710391
2023-10-28,3859.2442444911144,1.6648588874739512
2023-10-29,3749.2084746418677,1.6459666644403228
2023-10-30,4275.169597623623,1.7362697981940327
2023-10-31,3026.836012279194,1.5219413434832902
2023-11-01,4147.621085781098,1.7143707835678097
2023-11-02,4191.9251476484715,1.7219774211115904
2023-11-03,3193.903259832214,1.5506253951031432
2023-11-04,3710.8266991618216,1.6393768340261845
2023-11-05,3699.8070338393263,1.6374848494895766
2023-11-06,3386.4875616491468,1.5836905119073044
2023-11-07,3572.7951231187794,1.6156779647961053
2023-11-08,3470.2655711610823,1.5980744967077136
2023-11-09,4326.318672362223,1.7450516673012264
2023-11-10,4078.443203329643,1.7024935186924193
2023-11-11,4176.213232599817,1.7192798164709242
2023-11-12,4008.1621840348166,1.6904268544307186
2023-11-13,3449.7677331240047,1.5945551890459033
2023-11-14,3627.8607471755463,1.6251322727233515
2023-11-15,3928.675671270309,1.6767796837936633
2023-11-16,3411.7864255238055,1.5880341156233708
2023-11-17,3988.802853344873,1.6871030189754184
2023-11-18,3699.2034776928867,1.6373812239381085
2023-11-19,3655.1739943389375,1.6298217292327244
2023-11-20,3977.150906316355,1.6851024769485814
2023-11-21,3893.3103241691065,1.6707077489490851
2023-11-22,3647.837849296687,1.6285621743758343
2023-11-23,4099.953201005513,1.7061866057140493
2023-11-24,3423.794275173817,1.590095763159014
2023-11-25,3928.787701383125,1.6767989184287342
2023-11-26,3917.768174149924,1.6749069576009052
2023-11-27,3642.7439919221642,1.6276876015914314
2023-11-28,3829.1596426992755,1.6596936125119275
2023-11-29,3351.64151391048,1.577707736427828
2023-11-30,3999.7859515951536,1.6889887252510125
2023-12-01,3662.6582577136146,1.6311067147707048
2023-12-02,3556.8142398829777,1.6129341805632256
2023-12-03,4023.789770995118,1.6931099806426397
2023-12-04,3493.1957920806153,1.6020114242033427
2023-12-05,3277.3308871353006,1.56494922220351
2023-12-06,3228.2118359001915,1.5565158911839219
2023-12-07,3872.2982862724225,1.667100157464252
2023-12-08,3301.6270857609675,1.5691206766672203
2023-12-09,4207.423101318582,1.7246382903698478
2023-12-10,3051.605840360678,1.5261941161704007
2023-12-11,4180.294754855813,1.719980579767102
2023-12-12,3729.812144556796,1.6426364764977737
2023-12-13,3632.6204291377753,1.6259494703793753
2023-12-14,3493.267019527295,1.602023653361285
2023-12-15,3771.575419259883,1.6498068820975744
2023-12-16,3635.622006971469,1.6264648162343152
2023-12-17,3972.9693494065746,1.6843845385375027
2023-12-18,3671.3045252561283,1.6325912067231432
2023-12-19,3677.17783074391,1.6335996042412577
2023-12-20,3518.050885008498,1.6062788361527338
2023-12-21,3605.096832704176,1.6212238986564387
2023-12-22,3709.568296855421,1.6391607768561287
2023-12-23,3099.2283200386464,1.534370498347971
2023-12-24,3202.8806570598185,1.5521667392580283
2023-12-25,3825.381879001042,1.6590450020241456
2023-12-26,3648.740114977272,1.6287170858604956
2023-12-27,3537.3773220173675,1.6095970240376112
2023-12-28,3593.2108857138755,1.619183180789746
2023-12-29,3687.082675705641,1.6353001834291612
2023-12-30,3416.02932003154,1.5887625851879326
2023-12-31,3339.6389881466616,1.575647002958997
2024-01-01,3627.083798299183,1.6249988770877497
2024-01-02,3270.0473436987886,1.5636986986031731
2024-01-03,3681.2955943387615,1.634306589872751
2024-01-04,3043.339399264436,1.524774837247751
2024-01-05,3858.192483646475,1.6646783089177037
2024-01-06,3686.59541397362,1.6352165246577477
2024-01-07,3617.036985543262,1.6232739232148226
2024-01-08,3830.491217638115,1.6599222328120808
2024-01-09,4030.8285031854116,1.6943184721958429
2024-01-10,3831.048242165506,1.6600178692730343
2024-01-11,2970.0772122675858,1.5121963313803213
2024-01-12,3134.1222424458,1.5403614935083376
2024-01-13,3326.2615714680855,1.5733502121985772
2024-01-14,3517.304586796992,1.6061507029803963
2024-01-15,3660.605755334042,1.6307543172477441
2024-01-16,3283.478651093324,1.5660047419496088
2024-01-17,3553.190837840036,1.6123120726829467
2024-01-18,3266.572489744742,1.5631020951895827
2024-01-19,3305.8283968722712,1.5698420067097796
2024-01-20,3063.453823583376,1.528228315975142
2024-01-21,3204.7248580560627,1.5524833731725054
2024-01-22,3072.5085896679234,1.5297829437168387
2024-01-23,3181.6497683067946,1.5485215729082693
2024-01-24,3786.982839284113,1.6524522074846675
2024-01-25,3182.6320989416336,1.5486902308771422
2024-01-26,4253.812860884889,1.7326030247957878
2024-01-27,3608.8271742682437,1.621864367159695
2024-01-28,3513.1053407797663,1.6054297274972495
2024-01-29,3197.0610303372164,1.55116755793575
2024-01-30,3661.668346930443,1.630936755353647
2024-01-31,3275.986181286682,1.5647183474357726
2024-02-01,3482.4796880859285,1.600171558612394
2024-02-02,4211.200300577747,1.725286803948154
2024-02-03,3411.7560285112627,1.588028896710091
2024-02-04,3782.857772740789,1.6517439679978914
2024-02-05,3224.729163569458,1.555917945420327
2024-02-06,3422.8981917894025,1.5899419131229915
2024-02-07,3962.4556692846195,1.6825794274355372
2024-02-08,3241.0559209524595,1.5587211133567007
2024-02-09,3970.9226810951313,1.6840331426753334
2024-02-10,3637.6689480809764,1.6268162589336348
2024-02-11,3254.873395856746,1.5610934584405856
2024-02-12,3611.7222140262616,1.6223614213164899
2024-02-13,3712.270653964989,1.6396247490108236
2024-02-14,3605.6712232161735,1.6213225167119667
2024-02-15,2946.80571298141,1.5082008092383514
2024-02-16,3198.5993038902525,1.5514316666623078
2024-02-17,3341.4760450415783,1.57596241029092
2024-02-18,3392.518018815164,1.5847258910565682
2024-02-19,3600.2926656968684,1.620399063289565
2024-02-20,3466.772209418466,1.5974747156613407
2024-02-21,3012.358626929882,1.519455697285352
2024-02-22,3526.6516985532526,1.6077555240332364
2024-02-23,3595.530050820432,1.6195813620766577
2024-02-24,3580.186173856239,1.6169469465024746
2024-02-25,3736.511811295077,1.643786753343603
2024-02-26,3662.617710047303,1.631099753074917
2024-02-27,3550.4945074208426,1.6118491352606745
2024-02-28,3392.1271338288043,1.58465877936777
2024-02-29,2915.462827619405,1.502819497492292
2024-03-01,3543.349642903013,1.6106224216728946
2024-03-02,3477.623233037825,1.5993377458254496
2024-03-03,3497.783837774896,1.6027991533450896
2024-03-04,3034.4201717282954,1.5232434803432526
2024-03-05,3094.4043846000127,1.533542268906478
2024-03-06,3736.086553528935,1.6437137401354822
2024-03-07,3409.836912606098,1.5876994005311902
2024-03-08,3627.8604590097584,1.6251322232476915
2024-03-09,3433.7571601670784,1.5918063073357755
2024-03-10,3436.185027045947,1.5922231518094807
2024-03-11,3710.8854960346284,1.6393869289583711
2024-03-12,3276.8751836788915,1.5648709817245505
2024-03-13,3462.959566382371,1.5968201166824432
2024-03-14,3298.022322088113,1.5685017688394802
2024-03-15,3309.084777589819,1.5704011000926186
2024-03-16,3349.5581814887155,1.5773500456440122
2024-03-17,3511.9737885003397,1.6052354494177992
2024-03-18,3304.880761187892,1.5696793055742448
2024-03-19,3828.551870844359,1.6595892631585092
2024-03-20,3186.910621559291,1.5494248174907312
2024-03-21,3402.8472464725382,1.5864993332102935
2024-03-22,3330.7535091533723,1.5741214403975516
2024-03-23,3900.678405348378,1.6719727869740781
2024-03-24,3529.61173607432,1.6082637377633038
2024-03-25,3784.4068570216723,1.6520099328361657
2024-03-26,3033.541339787008,1.5230925922359886
2024-03-27,3563.8280441220204,1.6141383921953134
2024-03-28,3755.2530198228137,1.6470044623841344
2024-03-29,3517.846803120229,1.606243796996325
2024-03-30,3817.75021324042,1.6577347087271086
2024-03-31,3348.01034654818,1.5770842953070452
2024-04-01,3931.237754910737,1.6772195721648
2024-04-02,4203.484992360343,1.7239621499395887
2024-04-03,3410.4908983458186,1.587811684422806
2024-04-04,3391.3629447544713,1.5845275744836498
2024-04-05,3966.844004444869,1.6833328679459032
2024-04-06,4010.658349956579,1.6908554252798842
2024-04-07,3386.0291447681125,1.58361180555599
2024-04-08,3423.0732309702416,1.5899719658890017
2024-04-09,3470.9769259113814,1.5981966303794923
2024-04-10,3158.7002880384034,1.5445813387432308
2024-04-11,3293.102239999442,1.56765703182087
2024-04-12,3274.256334577475,1.5644213471976767
2024-04-13,3352.0974610396675,1.5777860187433692
2024-04-14,3579.1058821570523,1.6167614694366952
2024-04-15,3666.9858238619213,1.631849721749059
2024-04-16,4069.2159915569146,1.7009092834657493
2024-04-17,3312.037361123931,1.5709080340353565
2024-04-18,3914.4501791831653,1.674337285565872
2024-04-19,3562.6976768086274,1.6139443175646382
2024-04-20,3619.925860424403,1.6237699189137262
2024-04-21,3845.2099872335407,1.6624493226698456
2024-04-22,3314.073934525537,1.5712576966857856
2024-04-23,3773.865775832496,1.65020011719972
2024-04-24,3717.455372112063,1.640514921831309
2024-04-25,3823.755093418817,1.6587656965211315
2024-04-26,3771.3920225727743,1.6497753944175115
2024-04-27,4429.9734248265695,1.762848322922711
2024-04-28,3510.922071323386,1.6050548783589287
2024-04-29,3551.9228509777654,1.612094369924666
2024-04-30,3533.3732596808295,1.6089095599629193
2024-05-01,3562.8797590993995,1.6139755795738235
2024-05-02,3547.6265850830546,1.6113567369385393
2024-05-03,4104.97818301009,1.7070493531724487
2024-05-04,4183.963958445347,1.7206105513905496
2024-05-05,3596.235471967146,1.6197024769982384
2024-05-06,3527.504803812314,1.607901995083945
2024-05-07,3928.4918906100243,1.6767481301886118
2024-05-08,3631.357852641702,1.6257326965358012
2024-05-09,3996.9617795845093,1.6885038384947921
2024-05-10,3878.1146371534232,1.6680987763518762
2024-05-11,3372.7660945077964,1.5813346505547807
2024-05-12,4302.08663366717,1.740891228561954
2024-05-13,4387.036282396208,1.755476374034341
2024-05-14,3674.9644329359458,1.6332195823165012
2024-05-15,3753.1067468904776,1.6466359652401212
2024-05-16,3965.879058706616,1.6831671948186337
2024-05-17,3991.2426680835306,1.6875219147969007
2024-05-18,4099.336951740462,1.706080800860086
2024-05-19,4515.782781691421,1.77758107310462
2024-05-20,3870.6625516065546,1.666819315478289
2024-05-21,3695.3582113758275,1.6367210238142296
2024-05-22,3532.2254393916287,1.6087124888020066
2024-05-23,3737.986948456409,1.6440400220788085
2024-05-24,3958.641301194596,1.681924532279282
2024-05-25,4518.326594743591,1.7780178245682876
2024-05-26,3836.1198089829904,1.6608886149548896
2024-05-27,4070.0453589252124,1.701051678918793
2024-05-28,4009.5473641294293,1.690664678288588
2024-05-29,4382.6146146986775,1.7547172106056055
2024-05-30,4795.85353882002,1.8256668838925099
2024-05-31,3890.242758509495,1.6701810735353442
2024-06-01,3914.451144617529,1.6743374513228924
2024-06-02,4386.358427048284,1.7553599919302758
2024-06-03,4289.549974739827,1.7387387888882335
2024-06-04,4650.9098312825245,1.8007812593917591
2024-06-05,4284.031488404992,1.7377913108564211
2024-06-06,4013.058638162733,1.6912675347257289
2024-06-07,4310.071309143967,1.7422621306801058
2024-06-08,4477.547408715449,1.7710163787781688
2024-06-09,4403.1728519490025,1.7582468883080788
2024-06-10,4321.330157789394,1.744195180996405
2024-06-11,4501.295485129081,1.7750937252341499
2024-06-12,4544.249747698074,1.7824686135073928
2024-06-13,4620.297099519116,1.795525308922786
2024-06-14,4412.468510247239,1.7598428752317425
2024-06-15,4179.9415372668145,1.7199199352559587
2024-06-16,4286.32522129596,1.7381851256442404
2024-06-17,4616.508153144533,1.7948747784628352
2024-06-18,4021.726757732639,1.6927557784888356
2024-06-19,4389.666547460664,1.7559279685867613
2024-06-20,4173.322557215034,1.7187835116405772
2024-06-21,4312.2072939081345,1.7426288614315366
2024-06-22,4699.3765015798635,1.8091025820508282
2024-06-23,4385.422659040429,1.755199328375721
2024-06-24,4354.268250907366,1.7498503765963416
2024-06-25,3944.6145981706377,1.6795162644740207
2024-06-26,4588.668927664304,1.7900950158676672
2024-06-27,4570.644253960949,1.7870003298743877
2024-06-28,5038.163748253749,1.8672695238905663
2024-06-29,4309.021853088249,1.7420819478368743
2024-06-30,4479.2455516684595,1.7713079357460095
2024-07-01,4500.435309349917,1.774946040234169
2024-07-02,4910.948051214949,1.8454276507875904
2024-07-03,4421.184882174125,1.7613394035217014
2024-07-04,4545.508594158734,1.7826847469350269
2024-07-05,4656.164321934242,1.8016834115687863
2024-07-06,4541.733505211677,1.7820365956796915
2024-07-07,4363.735789609393,1.7514758739503682
2024-07-08,4567.765235768413,1.7865060264866277
2024-07-09,4843.45494941142,1.8338396486838147
2024-07-10,4225.1904216175735,1.72768879093215
2024-07-11,4584.765493012614,1.7894248287263588
2024-07-12,4346.51552468048,1.7485192982279378
2024-07-13,4926.688157552682,1.8481300956372324
2024-07-14,4122.783356957808,1.7101063528902105
2024-07-15,4423.568648951165,1.7617486763760988
2024-07-16,4715.852728657585,1.811931412685916
2024-07-17,5083.726217540051,1.8750922194821813
2024-07-18,4605.657363065603,1.7930117883956682
2024-07-19,4470.067336022537,1.769732112745261
2024-07-20,5212.148137921297,1.8971411910627258
2024-07-21,4224.497511846841,1.7275698241093722
2024-07-22,4010.2851947789427,1.690791357651224
2024-07-23,4812.879066903871,1.8285900249244313
2024-07-24,4541.126503433277,1.781932378541982
2024-07-25,4396.159115198125,1.7570426882631456
2024-07-26,4925.7381211450165,1.8479669823175522
2024-07-27,4796.987575876581,1.8258615885874494
2024-07-28,4565.151832137914,1.7860573269016482
2024-07-29,4360.722008957065,1.7509584329733454
2024-07-30,5016.896271303562,1.8636180756528162
2024-07-31,4960.471024316048,1.853930331819369
2024-08-01,4745.813408434813,1.817075411272612
2024-08-02,5339.614734714791,1.9190261415589098
2024-08-03,4474.555748234535,1.7705027356499046
2024-08-04,4347.779374805479,1.7487362907429653
2024-08-05,4607.616620770122,1.7933481765863886
2024-08-06,4811.159912871443,1.828294860529669
2024-08-07,4907.377012945466,1.844814533330048
2024-08-08,4771.434861194574,1.821474400807071
2024-08-09,4958.742125933297,1.853633494401008
2024-08-10,4486.871156961091,1.7726171885112891
2024-08-11,5304.55584557015,1.913006822986965
2024-08-12,4855.758981709932,1.8359521483074819
2024-08-13,5224.453768449621,1.8992539650891085
2024-08-14,5000.824576339367,1.8608586998043264
2024-08-15,5043.654653356247,1.8682122664550525
2024-08-16,5086.058876247997,1.8754927175077982
2024-08-17,5057.818117854396,1.8706440150636596
2024-08-18,5124.574688792521,1.8821055609668793
2024-08-19,5338.630021282654,1.918857074483634
2024-08-20,5006.839779416791,1.86189145995393
2024-08-21,5168.455199026756,1.8896394782313322
2024-08-22,4936.574233900125,1.8498274524107547
2024-08-23,5403.1399931157575,1.9299328980765784
2024-08-24,4775.6648674960115,1.8222006575742105
2024-08-25,5526.209127598762,1.9510628410068995
2024-08-26,4981.089668260094,1.8574703808468405
2024-08-27,4570.979140620164,1.7870578271179256
2024-08-28,5045.581161696625,1.8685430318533627
2024-08-29,4809.6350806393175,1.8280330595656946
2024-08-30,5272.806025174414,1.9075556438929697
2024-08-31,4831.348899466232,1.8317611409773291
2024-09-01,4899.664095763052,1.8434902898422285
2024-09-02,4472.899029628732,1.7702182908966424
2024-09-03,4910.1697998143945,1.8452940315194593
2024-09-04,4324.655942528238,1.744766190470271
2024-09-05,4582.463853606065,1.7890296564558228
2024-09-06,5291.430332192056,1.910753281920187
2024-09-07,5304.572894147164,1.913009750085306
2024-09-08,5201.85214750691,1.8953734554661357
2024-09-09,4789.358677309428,1.8245517703944287
2024-09-10,5070.228894263075,1.8727748417598735
2024-09-11,5088.406033761711,1.87589570485732
2024-09-12,4746.775213932938,1.817240545246868
2024-09-13,5549.954927995385,1.955139796689762
2024-09-14,5366.6476373010855,1.9236674652448924
2024-09-15,5041.505654496503,1.8678433012920612
2024-09-16,5120.0688504039945,1.8813319461332108
2024-09-17,5178.578204168491,1.8913775137008002
2024-09-18,4507.45511466357,1.7761512822006666
2024-09-19,5049.586447349358,1.8692307059612325
2024-09-20,4922.760315202002,1.8474557178977786
2024-09-21,4830.337365685705,1.831587469072148
2024-09-22,5049.812966273762,1.8692695973694264
2024-09-23,5676.620702871115,1.9768872527484431
2024-09-24,5332.591441677279,1.9178203007793435
2024-09-25,4971.86105907213,1.8558859056956412
2024-09-26,5317.718327533706,1.9152667112512294
2024-09-27,5568.331699502209,1.9582949349363572
2024-09-28,5428.349904556211,1.9342612294023243
2024-09-29,5171.137158560707,1.8900999482925855
2024-09-30,4961.309183317588,1.854074236722442
2024-10-01,5366.853748582621,1.9237028528311821
2024-10-02,5277.283767655038,1.9083244348938142
2024-10-03,5429.502909071708,1.9344591906516106
2024-10-04,5353.059244802011,1.9213344516974549
2024-10-05,5478.792869699792,1.942921865387111
2024-10-06,5004.6330938839255,1.8615125904707694
2024-10-07,5561.556434900498,1.9571316785685169
2024-10-08,5226.611356345312,1.8996244049178652
2024-10-09,5790.762486450825,1.9964844440599445
2024-10-10,4962.140948725411,1.854217043898852
2024-10-11,5690.260695509661,1.9792291256090366
2024-10-12,5229.281153212966,1.9000827867508572
2024-10-13,4974.781937059517,1.8563873960607045
2024-10-14,5025.205057981497,1.8650446249583146
2024-10-15,5074.295169891261,1.8734729873373448
2024-10-16,5297.5438585117745,1.9118029233496268
2024-10-17,5326.906704985669,1.9168442789492377
2024-10-18,4997.5764661019975,1.8603010263938868
2024-10-19,5161.880115009699,1.8885105911986402
2024-10-20,5811.238472978378,2.0
2024-10-21,5686.063305311519,1.9785084687545327
2024-10-22,5297.813867021663,1.9118492815565697
2024-10-23,5177.30898863923,1.891159599990655
2024-10-24,5200.784670893416,1.8951901786435812
2024-10-25,5347.575559094595,1.9203929486428322
2024-10-26,4855.306313189992,1.8358744289017763
2024-10-27,5083.4355482898745,1.87504231399862
2024-10-28,4658.459751038181,1.802077517582212
2024-10-29,5277.071971163734,1.908288071204471
2024-10-30,5349.6190700412535,1.9207438024118277
2024-10-31,5008.546424847881,1.8621844767262727
2024-11-01,5623.6289522195275,1.9677890115708352
2024-11-02,4781.523963987291,1.8232066155262514
2024-11-03,4707.653846656313,1.8105237330958461
2024-11-04,5211.908172539388,1.8970999910100375
2024-11-05,5456.203894181473,1.939043526877934
2024-11-06,5644.651770166736,1.9713984539003446
2024-11-07,4999.106379273482,1.86056369971273
2024-11-08,5457.575122697858,1.9392789553662984
2024-11-09,5119.520477868526,1.881237795147038
2024-11-10,5076.291847452658,1.8738158002050862
2024-11-11,5390.091879401182,1.927692645885844
2024-11-12,5317.5134613465325,1.9152315374372466
2024-11-13,4645.632513297536,1.7998751879521866
2024-11-14,5558.158741153035,1.9565483229182137
2024-11-15,5525.785507768958,1.9509901090187733
2024-11-16,4920.567847173632,1.847079289441443
2024-11-17,5223.375490504883,1.8990688337681558
2024-11-18,5249.162625821971,1.9034962696144833
2024-11-19,5175.3983789358135,1.890831564255579
2024-11-20,4928.2731179030025,1.8484022200971124
2024-11-21,4887.974021994329,1.8414832017724048
2024-11-22,5077.821372032138,1.8740784068059266
2024-11-23,5433.265312564929,1.9351051639204289
2024-11-24,5240.420399011508,1.9019953022568676
2024-11-25,4961.98683046691,1.8541905830805459
2024-11-26,5300.450870244198,1.9123020329944773
2024-11-27,4210.09028317095,1.7250962232265472
2024-11-28,5404.9386302710345,1.930241709059958
2024-11-29,4533.997045532988,1.7807083101418095
2024-11-30,4942.729949558906,1.850884337397488
2024-12-01,4711.06351098418,1.8111091439948666
2024-12-02,4654.015893861113,1.8013145444050915
2024-12-03,5386.080268790332,1.9270038858354708
2024-12-04,4892.892248984135,1.8423276202860275
2024-12-05,5132.485085809911,1.8834637100936753
2024-12-06,5009.752460538309,1.8623915429855564
2024-12-07,5162.201473010122,1.8885657656844093
2024-12-08,5037.364747374683,1.8671323421102048
2024-12-09,4624.620328802557,1.79626757129765
2024-12-10,5303.571223536277,1.9128377716040081
2024-12-11,4851.713262780951,1.8352575321436433
2024-12-12,4527.993126434301,1.7796774873571493
2024-12-13,4861.6415306135395,1.8369621328429235
2024-12-14,5435.395855477888,1.9354709603514393
2024-12-15,5235.312273666304,1.9011182797810169
2024-12-16,4870.7164778125925,1.8385202255134963
2024-12-17,4865.592252695322,1.8376404388411927
2024-12-18,4868.930120273466,1.8382135228376915
2024-12-19,5583.4922770742405,1.9608978795352079
2024-12-20,5070.094488823295,1.8727517654679668
2024-12-21,5079.573593678459,1.8743792486339248
2024-12-22,5254.69720737852,1.9044465110614908
2024-12-23,5012.30636473282,1.8628300270141167
2024-12-24,4858.023340381349,1.8363409197870393
2024-12-25,4871.908862146728,1.8387249479488745
2024-12-26,4904.425278432285,1.844307745157116
2024-12-27,4909.847368174638,1.84523867269878
2024-12-28,5134.430360521567,1.8837976975212605
2024-12-29,4926.874323199872,1.8481620587246241
2024-12-30,5126.255762265364,1.8823941872474825
2024-12-31,4877.448581070637,1.839676071438968
